rank,document,verdict,Precision,Recall
1,dok257.txt,AC,1.0,0.5
2,dok399.txt,WA,0.5,0.5
3,dok275.txt,WA,0.3333333333333333,0.5
4,dok205.txt,WA,0.25,0.5
5,dok149.txt,WA,0.2,0.5
6,dok340.txt,WA,0.16666666666666666,0.5
7,dok216.txt,WA,0.14285714285714285,0.5
8,dok347.txt,WA,0.125,0.5
9,dok336.txt,WA,0.1111111111111111,0.5
10,dok253.txt,AC,0.2,1.0
average precision,0.3028968253968254