rank,document,verdict,Precision,Recall
1,dok385.txt,WA,0.0,0.0
2,dok142.txt,AC,0.5,0.5
3,dok71.txt,AC,0.6666666666666666,1.0
4,dok6.txt,WA,0.5,1.0
5,dok77.txt,WA,0.4,1.0
6,dok24.txt,WA,0.3333333333333333,1.0
7,dok95.txt,WA,0.2857142857142857,1.0
8,dok240.txt,WA,0.25,1.0
9,dok365.txt,WA,0.2222222222222222,1.0
10,dok269.txt,WA,0.2,1.0
average precision,0.3357936507936508