rank,document,verdict,Precision,Recall
1,dok315.txt,AC,1.0,0.16666666666666666
2,dok273.txt,AC,1.0,0.3333333333333333
3,dok142.txt,AC,1.0,0.5
4,dok71.txt,AC,1.0,0.6666666666666666
5,dok139.txt,AC,1.0,0.8333333333333334
6,dok68.txt,WA,0.8333333333333334,0.8333333333333334
7,dok394.txt,AC,0.8571428571428571,1.0
8,dok343.txt,WA,0.75,1.0
9,dok271.txt,WA,0.6666666666666666,1.0
10,dok327.txt,WA,0.6,1.0
average precision,0.8707142857142856