rank,document,verdict,Precision,Recall
1,dok111.txt,AC,1.0,0.2
2,dok40.txt,AC,1.0,0.4
3,dok171.txt,AC,1.0,0.6
4,dok346.txt,AC,1.0,0.8
5,dok353.txt,WA,0.8,0.8
6,dok393.txt,WA,0.6666666666666666,0.8
7,dok387.txt,WA,0.5714285714285714,0.8
8,dok159.txt,WA,0.5,0.8
9,dok200.txt,AC,0.5555555555555556,1.0
10,dok165.txt,WA,0.5,1.0
average precision,0.7593650793650794