rank,document,verdict,Precision,Recall
1,dok247.txt,WA,0.0,0.0
2,dok268.txt,AC,0.5,0.25
3,dok325.txt,AC,0.6666666666666666,0.5
4,dok7.txt,AC,0.75,0.75
5,dok78.txt,AC,0.8,1.0
6,dok288.txt,WA,0.6666666666666666,1.0
7,dok231.txt,WA,0.5714285714285714,1.0
8,dok351.txt,WA,0.5,1.0
9,dok133.txt,WA,0.4444444444444444,1.0
10,dok62.txt,WA,0.4,1.0
average precision,0.529920634920635