rank,document,verdict,Precision,Recall
1,dok386.txt,WA,0.0,0.0
2,dok270.txt,WA,0.0,0.0
3,dok11.txt,WA,0.0,0.0
4,dok82.txt,WA,0.0,0.0
5,dok28.txt,AC,0.2,0.25
6,dok99.txt,AC,0.3333333333333333,0.5
7,dok136.txt,AC,0.42857142857142855,0.75
8,dok65.txt,AC,0.5,1.0
9,dok7.txt,WA,0.4444444444444444,1.0
10,dok78.txt,WA,0.4,1.0
11,dok335.txt,WA,0.36363636363636365,1.0
12,dok368.txt,WA,0.3333333333333333,1.0
13,dok144.txt,WA,0.3076923076923077,1.0
14,dok210.txt,WA,0.2857142857142857,1.0
15,dok12.txt,WA,0.26666666666666666,1.0
16,dok83.txt,WA,0.25,1.0
17,dok133.txt,WA,0.23529411764705882,1.0
18,dok62.txt,WA,0.2222222222222222,1.0
19,dok226.txt,WA,0.21052631578947367,1.0
20,dok320.txt,WA,0.2,1.0
21,dok321.txt,WA,0.19047619047619047,1.0
22,dok182.txt,WA,0.18181818181818182,1.0
23,dok18.txt,WA,0.17391304347826086,1.0
24,dok89.txt,WA,0.16666666666666666,1.0
25,dok107.txt,WA,0.16,1.0
26,dok36.txt,WA,0.15384615384615385,1.0
27,dok106.txt,WA,0.14814814814814814,1.0
28,dok35.txt,WA,0.14285714285714285,1.0
29,dok205.txt,WA,0.13793103448275862,1.0
30,dok188.txt,WA,0.13333333333333333,1.0
31,dok253.txt,WA,0.12903225806451613,1.0
32,dok214.txt,WA,0.125,1.0
33,dok284.txt,WA,0.12121212121212122,1.0
34,dok108.txt,WA,0.11764705882352941,1.0
35,dok37.txt,WA,0.11428571428571428,1.0
36,dok399.txt,WA,0.1111111111111111,1.0
37,dok131.txt,WA,0.10810810810810811,1.0
38,dok60.txt,WA,0.10526315789473684,1.0
39,dok113.txt,WA,0.10256410256410256,1.0
40,dok42.txt,WA,0.1,1.0
41,dok331.txt,WA,0.0975609756097561,1.0
42,dok362.txt,WA,0.09523809523809523,1.0
43,dok373.txt,WA,0.09302325581395349,1.0
44,dok132.txt,WA,0.09090909090909091,1.0
45,dok61.txt,WA,0.08888888888888889,1.0
46,dok146.txt,WA,0.08695652173913043,1.0
47,dok156.txt,WA,0.0851063829787234,1.0
48,dok276.txt,WA,0.08333333333333333,1.0
49,dok383.txt,WA,0.08163265306122448,1.0
50,dok261.txt,WA,0.08,1.0
average precision,0.17174595087587782