rank,document,verdict,Precision,Recall
1,dok257.txt,AC,1.0,0.25
2,dok205.txt,WA,0.5,0.25
3,dok399.txt,WA,0.3333333333333333,0.25
4,dok210.txt,AC,0.5,0.5
5,dok253.txt,AC,0.6,0.75
6,dok400.txt,AC,0.6666666666666666,1.0
7,dok336.txt,WA,0.5714285714285714,1.0
8,dok275.txt,WA,0.5,1.0
9,dok149.txt,WA,0.4444444444444444,1.0
10,dok249.txt,WA,0.4,1.0
average precision,0.5515873015873016