rank,document,verdict,Precision,Recall
1,dok338.txt,WA,0.0,0.0
2,dok336.txt,AC,0.5,0.2
3,dok149.txt,AC,0.6666666666666666,0.4
4,dok340.txt,WA,0.5,0.4
5,dok216.txt,AC,0.6,0.6
6,dok347.txt,AC,0.6666666666666666,0.8
7,dok293.txt,AC,0.7142857142857143,1.0
8,dok219.txt,WA,0.625,1.0
9,dok151.txt,WA,0.5555555555555556,1.0
10,dok310.txt,WA,0.5,1.0
average precision,0.5328174603174602