rank,document,verdict,Precision,Recall
1,dok236.txt,WA,0.0,0.0
2,dok238.txt,WA,0.0,0.0
3,dok221.txt,AC,0.3333333333333333,0.3333333333333333
4,dok139.txt,WA,0.25,0.3333333333333333
5,dok68.txt,WA,0.2,0.3333333333333333
6,dok255.txt,WA,0.16666666666666666,0.3333333333333333
7,dok204.txt,WA,0.14285714285714285,0.3333333333333333
8,dok208.txt,AC,0.25,0.6666666666666666
9,dok249.txt,AC,0.3333333333333333,1.0
10,dok103.txt,WA,0.3,1.0
average precision,0.1976190476190476