rank,document,verdict,Precision,Recall
1,dok197.txt,WA,0.0,0.0
2,dok378.txt,WA,0.0,0.0
3,dok359.txt,WA,0.0,0.0
4,dok187.txt,WA,0.0,0.0
5,dok103.txt,AC,0.2,0.5
6,dok32.txt,AC,0.3333333333333333,1.0
7,dok350.txt,WA,0.2857142857142857,1.0
8,dok220.txt,WA,0.25,1.0
9,dok221.txt,WA,0.2222222222222222,1.0
10,dok193.txt,WA,0.2,1.0
average precision,0.1491269841269841