rank,document,verdict,Precision,Recall
1,dok212.txt,WA,0.0,0.0
2,dok365.txt,AC,0.5,0.5
3,dok218.txt,WA,0.3333333333333333,0.5
4,dok110.txt,WA,0.25,0.5
5,dok39.txt,WA,0.2,0.5
6,dok247.txt,WA,0.16666666666666666,0.5
7,dok145.txt,WA,0.14285714285714285,0.5
8,dok248.txt,AC,0.25,1.0
9,dok402.txt,WA,0.2222222222222222,1.0
10,dok276.txt,WA,0.2,1.0
average precision,0.2265079365079365