rank,document,verdict,Precision,Recall
1,dok365.txt,AC,1.0,0.14285714285714285
2,dok247.txt,AC,1.0,0.2857142857142857
3,dok110.txt,AC,1.0,0.42857142857142855
4,dok39.txt,AC,1.0,0.5714285714285714
5,dok402.txt,AC,1.0,0.7142857142857143
6,dok248.txt,AC,1.0,0.8571428571428571
7,dok192.txt,AC,1.0,1.0
8,dok232.txt,WA,0.875,1.0
9,dok253.txt,WA,0.7777777777777778,1.0
10,dok244.txt,WA,0.7,1.0
average precision,0.9352777777777778