rank,document,verdict,Precision,Recall
1,dok307.txt,AC,1.0,0.14285714285714285
2,dok161.txt,AC,1.0,0.2857142857142857
3,dok283.txt,AC,1.0,0.42857142857142855
4,dok370.txt,WA,0.75,0.42857142857142855
5,dok143.txt,AC,0.8,0.5714285714285714
6,dok158.txt,AC,0.8333333333333334,0.7142857142857143
7,dok286.txt,AC,0.8571428571428571,0.8571428571428571
8,dok288.txt,AC,0.875,1.0
9,dok374.txt,WA,0.7777777777777778,1.0
10,dok318.txt,WA,0.7,1.0
average precision,0.8593253968253967