rank,document,verdict,Precision,Recall
1,dok253.txt,WA,0.0,0.0
2,dok115.txt,WA,0.0,0.0
3,dok44.txt,WA,0.0,0.0
4,dok18.txt,AC,0.25,0.5
5,dok89.txt,AC,0.4,1.0
6,dok227.txt,WA,0.3333333333333333,1.0
7,dok266.txt,WA,0.2857142857142857,1.0
8,dok16.txt,WA,0.25,1.0
9,dok87.txt,WA,0.2222222222222222,1.0
10,dok374.txt,WA,0.2,1.0
average precision,0.19412698412698412