rank,document,verdict,Precision,Recall
1,dok368.txt,WA,0.0,0.0
2,dok145.txt,AC,0.5,0.5
3,dok276.txt,AC,0.6666666666666666,1.0
4,dok296.txt,WA,0.5,1.0
5,dok362.txt,WA,0.4,1.0
6,dok228.txt,WA,0.3333333333333333,1.0
7,dok281.txt,WA,0.2857142857142857,1.0
8,dok144.txt,WA,0.25,1.0
9,dok283.txt,WA,0.2222222222222222,1.0
10,dok148.txt,WA,0.2,1.0
average precision,0.3357936507936508