rank,document,verdict,Precision,Recall
1,dok270.txt,AC,1.0,0.2
2,dok18.txt,WA,0.5,0.2
3,dok89.txt,WA,0.3333333333333333,0.2
4,dok7.txt,AC,0.5,0.4
5,dok78.txt,AC,0.6,0.6
6,dok133.txt,AC,0.6666666666666666,0.8
7,dok62.txt,AC,0.7142857142857143,1.0
8,dok268.txt,WA,0.625,1.0
9,dok325.txt,WA,0.5555555555555556,1.0
10,dok136.txt,WA,0.5,1.0
average precision,0.5994841269841269