rank,document,verdict,Precision,Recall
1,dok135.txt,WA,0.0,0.0
2,dok64.txt,WA,0.0,0.0
3,dok151.txt,WA,0.0,0.0
4,dok310.txt,WA,0.0,0.0
5,dok149.txt,WA,0.0,0.0
6,dok133.txt,AC,0.16666666666666666,0.3333333333333333
7,dok62.txt,AC,0.2857142857142857,0.6666666666666666
8,dok338.txt,WA,0.25,0.6666666666666666
9,dok347.txt,WA,0.2222222222222222,0.6666666666666666
10,dok7.txt,AC,0.3,1.0
average precision,0.12246031746031745