rank,document,verdict,Precision,Recall
1,dok1.txt,WA,0.0,0.0
2,dok72.txt,WA,0.0,0.0
3,dok380.txt,WA,0.0,0.0
4,dok372.txt,WA,0.0,0.0
5,dok328.txt,WA,0.0,0.0
6,dok7.txt,AC,0.16666666666666666,0.25
7,dok78.txt,AC,0.2857142857142857,0.5
8,dok299.txt,WA,0.25,0.5
9,dok325.txt,AC,0.3333333333333333,0.75
10,dok268.txt,AC,0.4,1.0
average precision,0.14357142857142854