rank,document,verdict,Precision,Recall
1,dok264.txt,AC,1.0,0.3333333333333333
2,dok257.txt,WA,0.5,0.3333333333333333
3,dok269.txt,AC,0.6666666666666666,0.6666666666666666
4,dok101.txt,WA,0.5,0.6666666666666666
5,dok30.txt,WA,0.4,0.6666666666666666
6,dok253.txt,AC,0.5,1.0
7,dok353.txt,WA,0.42857142857142855,1.0
8,dok111.txt,WA,0.375,1.0
9,dok40.txt,WA,0.3333333333333333,1.0
10,dok189.txt,WA,0.3,1.0
average precision,0.5003571428571428