rank,document,verdict,Precision,Recall
1,dok133.txt,AC,1.0,0.3333333333333333
2,dok62.txt,AC,1.0,0.6666666666666666
3,dok385.txt,WA,0.6666666666666666,0.6666666666666666
4,dok353.txt,WA,0.5,0.6666666666666666
5,dok13.txt,WA,0.4,0.6666666666666666
6,dok84.txt,WA,0.3333333333333333,0.6666666666666666
7,dok270.txt,AC,0.42857142857142855,1.0
8,dok383.txt,WA,0.375,1.0
9,dok159.txt,WA,0.3333333333333333,1.0
10,dok115.txt,WA,0.3,1.0
average precision,0.5336904761904762