rank,document,verdict,Precision,Recall
1,dok270.txt,AC,1.0,0.2
2,dok18.txt,WA,0.5,0.2
3,dok89.txt,WA,0.3333333333333333,0.2
4,dok133.txt,AC,0.5,0.4
5,dok62.txt,AC,0.6,0.6
6,dok325.txt,WA,0.5,0.6
7,dok268.txt,WA,0.42857142857142855,0.6
8,dok7.txt,AC,0.5,0.8
9,dok78.txt,AC,0.5555555555555556,1.0
10,dok214.txt,WA,0.5,1.0
average precision,0.5417460317460316