rank,document,verdict,Precision,Recall
1,dok79.txt,WA,0.0,0.0
2,dok8.txt,WA,0.0,0.0
3,dok389.txt,WA,0.0,0.0
4,dok385.txt,AC,0.25,0.3333333333333333
5,dok268.txt,WA,0.2,0.3333333333333333
6,dok325.txt,WA,0.16666666666666666,0.3333333333333333
7,dok24.txt,AC,0.2857142857142857,0.6666666666666666
8,dok95.txt,AC,0.375,1.0
9,dok388.txt,WA,0.3333333333333333,1.0
10,dok15.txt,WA,0.3,1.0
average precision,0.19107142857142856