rank,document,verdict,Precision,Recall
1,dok218.txt,WA,0.0,0.0
2,dok365.txt,AC,0.5,0.2
3,dok248.txt,AC,0.6666666666666666,0.4
4,dok402.txt,AC,0.75,0.6
5,dok203.txt,WA,0.6,0.6
6,dok198.txt,WA,0.5,0.6
7,dok110.txt,AC,0.5714285714285714,0.8
8,dok39.txt,AC,0.625,1.0
9,dok399.txt,WA,0.5555555555555556,1.0
10,dok253.txt,WA,0.5,1.0
average precision,0.5268650793650793