rank,document,verdict,Precision,Recall
1,dok296.txt,WA,0.0,0.0
2,dok147.txt,WA,0.0,0.0
3,dok153.txt,WA,0.0,0.0
4,dok289.txt,WA,0.0,0.0
5,dok276.txt,WA,0.0,0.0
6,dok365.txt,AC,0.16666666666666666,1.0
7,dok145.txt,WA,0.14285714285714285,1.0
8,dok368.txt,WA,0.125,1.0
9,dok230.txt,WA,0.1111111111111111,1.0
10,dok398.txt,WA,0.1,1.0
average precision,0.06456349206349207