rank,document,verdict,Precision,Recall
1,dok209.txt,AC,1.0,0.3333333333333333
2,dok125.txt,AC,1.0,0.6666666666666666
3,dok54.txt,WA,0.6666666666666666,0.6666666666666666
4,dok353.txt,WA,0.5,0.6666666666666666
5,dok269.txt,WA,0.4,0.6666666666666666
6,dok240.txt,WA,0.3333333333333333,0.6666666666666666
7,dok275.txt,WA,0.2857142857142857,0.6666666666666666
8,dok186.txt,AC,0.375,1.0
9,dok115.txt,WA,0.3333333333333333,1.0
10,dok44.txt,WA,0.3,1.0
average precision,0.5194047619047619