rank,document,verdict,Precision,Recall
1,dok300.txt,WA,0.0,0.0
2,dok385.txt,AC,0.5,0.5
3,dok291.txt,WA,0.3333333333333333,0.5
4,dok5.txt,WA,0.25,0.5
5,dok76.txt,WA,0.2,0.5
6,dok24.txt,WA,0.16666666666666666,0.5
7,dok95.txt,WA,0.14285714285714285,0.5
8,dok157.txt,AC,0.25,1.0
9,dok112.txt,WA,0.2222222222222222,1.0
10,dok41.txt,WA,0.2,1.0
average precision,0.2265079365079365