rank,document,verdict,Precision,Recall
1,dok213.txt,AC,1.0,0.3333333333333333
2,dok364.txt,AC,1.0,0.6666666666666666
3,dok247.txt,WA,0.6666666666666666,0.6666666666666666
4,dok299.txt,WA,0.5,0.6666666666666666
5,dok399.txt,WA,0.4,0.6666666666666666
6,dok296.txt,WA,0.3333333333333333,0.6666666666666666
7,dok385.txt,WA,0.2857142857142857,0.6666666666666666
8,dok400.txt,AC,0.375,1.0
9,dok276.txt,WA,0.3333333333333333,1.0
10,dok369.txt,WA,0.3,1.0
average precision,0.5194047619047619