rank,document,verdict,Precision,Recall
1,dok385.txt,AC,1.0,0.5
2,dok5.txt,WA,0.5,0.5
3,dok76.txt,WA,0.3333333333333333,0.5
4,dok112.txt,WA,0.25,0.5
5,dok41.txt,WA,0.2,0.5
6,dok300.txt,WA,0.16666666666666666,0.5
7,dok372.txt,WA,0.14285714285714285,0.5
8,dok380.txt,AC,0.25,1.0
9,dok24.txt,WA,0.2222222222222222,1.0
10,dok95.txt,WA,0.2,1.0
average precision,0.3265079365079365