rank,document,verdict,Precision,Recall
1,dok365.txt,AC,1.0,0.3333333333333333
2,dok212.txt,AC,1.0,0.6666666666666666
3,dok248.txt,WA,0.6666666666666666,0.6666666666666666
4,dok247.txt,WA,0.5,0.6666666666666666
5,dok110.txt,WA,0.4,0.6666666666666666
6,dok39.txt,WA,0.3333333333333333,0.6666666666666666
7,dok218.txt,AC,0.42857142857142855,1.0
8,dok402.txt,WA,0.375,1.0
9,dok145.txt,WA,0.3333333333333333,1.0
10,dok148.txt,WA,0.3,1.0
average precision,0.5336904761904762