rank,document,verdict,Precision,Recall
1,dok125.txt,AC,1.0,0.25
2,dok54.txt,WA,0.5,0.25
3,dok12.txt,WA,0.3333333333333333,0.25
4,dok83.txt,WA,0.25,0.25
5,dok206.txt,AC,0.4,0.5
6,dok186.txt,AC,0.5,0.75
7,dok268.txt,WA,0.42857142857142855,0.75
8,dok325.txt,WA,0.375,0.75
9,dok388.txt,WA,0.3333333333333333,0.75
10,dok117.txt,AC,0.4,1.0
average precision,0.4520238095238095