rank,document,verdict,Precision,Recall
1,dok342.txt,AC,1.0,0.25
2,dok103.txt,WA,0.5,0.25
3,dok32.txt,WA,0.3333333333333333,0.25
4,dok142.txt,AC,0.5,0.5
5,dok71.txt,AC,0.6,0.75
6,dok140.txt,WA,0.5,0.75
7,dok69.txt,WA,0.42857142857142855,0.75
8,dok394.txt,AC,0.5,1.0
9,dok139.txt,WA,0.4444444444444444,1.0
10,dok68.txt,WA,0.4,1.0
average precision,0.5206349206349207