rank,document,verdict,Precision,Recall
1,dok24.txt,WA,0.0,0.0
2,dok95.txt,WA,0.0,0.0
3,dok385.txt,WA,0.0,0.0
4,dok115.txt,AC,0.25,0.3333333333333333
5,dok390.txt,AC,0.4,0.6666666666666666
6,dok80.txt,WA,0.3333333333333333,0.6666666666666666
7,dok9.txt,WA,0.2857142857142857,0.6666666666666666
8,dok102.txt,WA,0.25,0.6666666666666666
9,dok31.txt,WA,0.2222222222222222,0.6666666666666666
10,dok356.txt,AC,0.3,1.0
average precision,0.2041269841269841