rank,document,verdict,Precision,Recall
1,dok270.txt,WA,0.0,0.0
2,dok136.txt,WA,0.0,0.0
3,dok65.txt,WA,0.0,0.0
4,dok28.txt,WA,0.0,0.0
5,dok99.txt,AC,0.2,1.0
6,dok133.txt,WA,0.16666666666666666,1.0
7,dok62.txt,WA,0.14285714285714285,1.0
8,dok214.txt,WA,0.125,1.0
9,dok106.txt,WA,0.1111111111111111,1.0
10,dok35.txt,WA,0.1,1.0
average precision,0.08456349206349206