rank,document,verdict,Precision,Recall
1,dok139.txt,AC,1.0,0.16666666666666666
2,dok68.txt,WA,0.5,0.16666666666666666
3,dok142.txt,AC,0.6666666666666666,0.3333333333333333
4,dok71.txt,AC,0.75,0.5
5,dok394.txt,AC,0.8,0.6666666666666666
6,dok315.txt,AC,0.8333333333333334,0.8333333333333334
7,dok273.txt,AC,0.8571428571428571,1.0
8,dok140.txt,WA,0.75,1.0
9,dok69.txt,WA,0.6666666666666666,1.0
10,dok103.txt,WA,0.6,1.0
average precision,0.7423809523809524