rank,document,verdict,Precision,Recall
1,dok230.txt,WA,0.0,0.0
2,dok142.txt,AC,0.5,0.25
3,dok71.txt,AC,0.6666666666666666,0.5
4,dok103.txt,WA,0.5,0.5
5,dok32.txt,WA,0.4,0.5
6,dok343.txt,AC,0.5,0.75
7,dok141.txt,WA,0.42857142857142855,0.75
8,dok70.txt,WA,0.375,0.75
9,dok394.txt,AC,0.4444444444444444,1.0
10,dok139.txt,WA,0.4,1.0
average precision,0.42146825396825394