rank,document,verdict,Precision,Recall
1,dok248.txt,WA,0.0,0.0
2,dok204.txt,WA,0.0,0.0
3,dok140.txt,AC,0.3333333333333333,0.25
4,dok69.txt,AC,0.5,0.5
5,dok154.txt,AC,0.6,0.75
6,dok402.txt,WA,0.5,0.75
7,dok232.txt,WA,0.42857142857142855,0.75
8,dok394.txt,AC,0.5,1.0
9,dok218.txt,WA,0.4444444444444444,1.0
10,dok227.txt,WA,0.4,1.0
average precision,0.3706349206349206