rank,document,verdict,Precision,Recall
1,dok382.txt,WA,0.0,0.0
2,dok188.txt,AC,0.5,1.0
3,dok220.txt,WA,0.3333333333333333,1.0
4,dok210.txt,WA,0.25,1.0
5,dok28.txt,WA,0.2,1.0
6,dok99.txt,WA,0.16666666666666666,1.0
7,dok229.txt,WA,0.14285714285714285,1.0
8,dok348.txt,WA,0.125,1.0
9,dok381.txt,WA,0.1111111111111111,1.0
10,dok199.txt,WA,0.1,1.0
average precision,0.1928968253968254