rank,document,verdict,Precision,Recall
1,dok342.txt,WA,0.0,0.0
2,dok142.txt,AC,0.5,0.3333333333333333
3,dok71.txt,AC,0.6666666666666666,0.6666666666666666
4,dok394.txt,AC,0.75,1.0
5,dok378.txt,WA,0.6,1.0
6,dok139.txt,WA,0.5,1.0
7,dok68.txt,WA,0.42857142857142855,1.0
8,dok184.txt,WA,0.375,1.0
9,dok339.txt,WA,0.3333333333333333,1.0
10,dok140.txt,WA,0.3,1.0
average precision,0.44535714285714284