rank,document,verdict,Precision,Recall
1,dok145.txt,AC,1.0,0.16666666666666666
2,dok276.txt,AC,1.0,0.3333333333333333
3,dok362.txt,AC,1.0,0.5
4,dok296.txt,AC,1.0,0.6666666666666666
5,dok230.txt,AC,1.0,0.8333333333333334
6,dok307.txt,WA,0.8333333333333334,0.8333333333333334
7,dok398.txt,WA,0.7142857142857143,0.8333333333333334
8,dok161.txt,WA,0.625,0.8333333333333334
9,dok281.txt,AC,0.6666666666666666,1.0
10,dok364.txt,WA,0.6,1.0
average precision,0.8439285714285715