rank,document,verdict,Precision,Recall
1,dok195.txt,AC,1.0,0.16666666666666666
2,dok248.txt,AC,1.0,0.3333333333333333
3,dok218.txt,WA,0.6666666666666666,0.3333333333333333
4,dok215.txt,WA,0.5,0.3333333333333333
5,dok365.txt,AC,0.6,0.5
6,dok110.txt,AC,0.6666666666666666,0.6666666666666666
7,dok39.txt,AC,0.7142857142857143,0.8333333333333334
8,dok402.txt,AC,0.75,1.0
9,dok204.txt,WA,0.6666666666666666,1.0
10,dok192.txt,WA,0.6,1.0
average precision,0.7164285714285714