rank,document,verdict,Precision,Recall
1,dok221.txt,WA,0.0,0.0
2,dok251.txt,WA,0.0,0.0
3,dok342.txt,AC,0.3333333333333333,0.2
4,dok197.txt,WA,0.25,0.2
5,dok208.txt,AC,0.4,0.4
6,dok343.txt,AC,0.5,0.6
7,dok139.txt,WA,0.42857142857142855,0.6
8,dok68.txt,WA,0.375,0.6
9,dok103.txt,AC,0.4444444444444444,0.8
10,dok32.txt,AC,0.5,1.0
average precision,0.32313492063492066