rank,document,verdict,Precision,Recall
1,dok343.txt,WA,0.0,0.0
2,dok394.txt,AC,0.5,0.3333333333333333
3,dok140.txt,AC,0.6666666666666666,0.6666666666666666
4,dok69.txt,AC,0.75,1.0
5,dok142.txt,WA,0.6,1.0
6,dok71.txt,WA,0.5,1.0
7,dok191.txt,WA,0.42857142857142855,1.0
8,dok326.txt,WA,0.375,1.0
9,dok221.txt,WA,0.3333333333333333,1.0
10,dok236.txt,WA,0.3,1.0
average precision,0.44535714285714284