rank,document,verdict,Precision,Recall
1,dok394.txt,AC,1.0,0.16666666666666666
2,dok142.txt,AC,1.0,0.3333333333333333
3,dok71.txt,AC,1.0,0.5
4,dok140.txt,WA,0.75,0.5
5,dok69.txt,WA,0.6,0.5
6,dok315.txt,AC,0.6666666666666666,0.6666666666666666
7,dok273.txt,AC,0.7142857142857143,0.8333333333333334
8,dok139.txt,AC,0.75,1.0
9,dok68.txt,WA,0.6666666666666666,1.0
10,dok343.txt,WA,0.6,1.0
average precision,0.7747619047619048