rank,document,verdict,Precision,Recall
1,dok161.txt,AC,1.0,0.14285714285714285
2,dok288.txt,AC,1.0,0.2857142857142857
3,dok283.txt,AC,1.0,0.42857142857142855
4,dok307.txt,AC,1.0,0.5714285714285714
5,dok365.txt,WA,0.8,0.5714285714285714
6,dok381.txt,WA,0.6666666666666666,0.5714285714285714
7,dok143.txt,AC,0.7142857142857143,0.7142857142857143
8,dok158.txt,AC,0.75,0.8571428571428571
9,dok286.txt,AC,0.7777777777777778,1.0
10,dok399.txt,WA,0.7,1.0
average precision,0.8408730158730158