rank,document,verdict,Precision,Recall
1,dok15.txt,AC,1.0,0.3333333333333333
2,dok86.txt,AC,1.0,0.6666666666666666
3,dok19.txt,WA,0.6666666666666666,0.6666666666666666
4,dok90.txt,WA,0.5,0.6666666666666666
5,dok397.txt,WA,0.4,0.6666666666666666
6,dok1.txt,WA,0.3333333333333333,0.6666666666666666
7,dok72.txt,WA,0.2857142857142857,0.6666666666666666
8,dok396.txt,AC,0.375,1.0
9,dok157.txt,WA,0.3333333333333333,1.0
10,dok25.txt,WA,0.3,1.0
average precision,0.5194047619047619