rank,document,verdict,Precision,Recall
1,dok399.txt,WA,0.0,0.0
2,dok253.txt,WA,0.0,0.0
3,dok227.txt,WA,0.0,0.0
4,dok400.txt,AC,0.25,0.5
5,dok366.txt,WA,0.2,0.5
6,dok257.txt,WA,0.16666666666666666,0.5
7,dok256.txt,WA,0.14285714285714285,0.5
8,dok224.txt,WA,0.125,0.5
9,dok213.txt,AC,0.2222222222222222,1.0
10,dok249.txt,WA,0.2,1.0
average precision,0.13067460317460317