rank,document,verdict,Precision,Recall
1,dok253.txt,AC,1.0,0.3333333333333333
2,dok269.txt,WA,0.5,0.3333333333333333
3,dok213.txt,WA,0.3333333333333333,0.3333333333333333
4,dok400.txt,AC,0.5,0.6666666666666666
5,dok364.txt,WA,0.4,0.6666666666666666
6,dok363.txt,WA,0.3333333333333333,0.6666666666666666
7,dok264.txt,AC,0.42857142857142855,1.0
8,dok257.txt,WA,0.375,1.0
9,dok262.txt,WA,0.3333333333333333,1.0
10,dok278.txt,WA,0.3,1.0
average precision,0.4503571428571428