rank,document,verdict,Precision,Recall
1,dok253.txt,WA,0.0,0.0
2,dok149.txt,AC,0.5,0.2
3,dok351.txt,WA,0.3333333333333333,0.2
4,dok231.txt,WA,0.25,0.2
5,dok338.txt,WA,0.2,0.2
6,dok347.txt,AC,0.3333333333333333,0.4
7,dok340.txt,AC,0.42857142857142855,0.6
8,dok216.txt,AC,0.5,0.8
9,dok293.txt,WA,0.4444444444444444,0.8
10,dok336.txt,AC,0.5,1.0
average precision,0.348968253968254