rank,document,verdict,Precision,Recall
1,dok365.txt,WA,0.0,0.0
2,dok274.txt,WA,0.0,0.0
3,dok394.txt,AC,0.3333333333333333,0.3333333333333333
4,dok402.txt,WA,0.25,0.3333333333333333
5,dok140.txt,AC,0.4,0.6666666666666666
6,dok69.txt,AC,0.5,1.0
7,dok111.txt,WA,0.42857142857142855,1.0
8,dok40.txt,WA,0.375,1.0
9,dok218.txt,WA,0.3333333333333333,1.0
10,dok208.txt,WA,0.3,1.0
average precision,0.2920238095238096