rank,document,verdict,Precision,Recall
1,dok365.txt,AC,1.0,0.2
2,dok402.txt,AC,1.0,0.4
3,dok101.txt,WA,0.6666666666666666,0.4
4,dok30.txt,WA,0.5,0.4
5,dok248.txt,AC,0.6,0.6
6,dok353.txt,WA,0.5,0.6
7,dok236.txt,WA,0.42857142857142855,0.6
8,dok203.txt,WA,0.375,0.6
9,dok201.txt,AC,0.4444444444444444,0.8
10,dok255.txt,AC,0.5,1.0
average precision,0.601468253968254