rank,document,verdict,Precision,Recall
1,dok365.txt,WA,0.0,0.0
2,dok269.txt,WA,0.0,0.0
3,dok394.txt,AC,0.3333333333333333,0.3333333333333333
4,dok142.txt,AC,0.5,0.6666666666666666
5,dok71.txt,AC,0.6,1.0
6,dok111.txt,WA,0.5,1.0
7,dok40.txt,WA,0.42857142857142855,1.0
8,dok247.txt,WA,0.375,1.0
9,dok296.txt,WA,0.3333333333333333,1.0
10,dok240.txt,WA,0.3,1.0
average precision,0.3370238095238095