rank,document,verdict,Precision,Recall
1,dok402.txt,WA,0.0,0.0
2,dok385.txt,WA,0.0,0.0
3,dok266.txt,WA,0.0,0.0
4,dok16.txt,WA,0.0,0.0
5,dok87.txt,WA,0.0,0.0
6,dok18.txt,AC,0.16666666666666666,0.5
7,dok89.txt,AC,0.2857142857142857,1.0
8,dok115.txt,WA,0.25,1.0
9,dok44.txt,WA,0.2222222222222222,1.0
10,dok247.txt,WA,0.2,1.0
average precision,0.11246031746031745