rank,document,verdict,Precision,Recall
1,dok204.txt,WA,0.0,0.0
2,dok238.txt,AC,0.5,0.3333333333333333
3,dok402.txt,WA,0.3333333333333333,0.3333333333333333
4,dok248.txt,AC,0.5,0.6666666666666666
5,dok365.txt,AC,0.6,1.0
6,dok254.txt,WA,0.5,1.0
7,dok110.txt,WA,0.42857142857142855,1.0
8,dok39.txt,WA,0.375,1.0
9,dok247.txt,WA,0.3333333333333333,1.0
10,dok192.txt,WA,0.3,1.0
average precision,0.3870238095238095