rank,document,verdict,Precision,Recall
1,dok209.txt,WA,0.0,0.0
2,dok402.txt,WA,0.0,0.0
3,dok248.txt,AC,0.3333333333333333,0.5
4,dok207.txt,WA,0.25,0.5
5,dok236.txt,WA,0.2,0.5
6,dok204.txt,WA,0.16666666666666666,0.5
7,dok243.txt,WA,0.14285714285714285,0.5
8,dok238.txt,AC,0.25,1.0
9,dok255.txt,WA,0.2222222222222222,1.0
10,dok252.txt,WA,0.2,1.0
average precision,0.17650793650793647