rank,document,verdict,Precision,Recall
1,dok394.txt,AC,1.0,0.25
2,dok280.txt,WA,0.5,0.25
3,dok142.txt,AC,0.6666666666666666,0.5
4,dok71.txt,AC,0.75,0.75
5,dok247.txt,WA,0.6,0.75
6,dok179.txt,WA,0.5,0.75
7,dok140.txt,WA,0.42857142857142855,0.75
8,dok69.txt,WA,0.375,0.75
9,dok342.txt,AC,0.4444444444444444,1.0
10,dok103.txt,WA,0.4,1.0
average precision,0.5664682539682541