rank,document,verdict,Precision,Recall
1,dok394.txt,AC,1.0,0.16666666666666666
2,dok142.txt,AC,1.0,0.3333333333333333
3,dok71.txt,AC,1.0,0.5
4,dok140.txt,WA,0.75,0.5
5,dok69.txt,WA,0.6,0.5
6,dok139.txt,AC,0.6666666666666666,0.6666666666666666
7,dok68.txt,WA,0.5714285714285714,0.6666666666666666
8,dok315.txt,AC,0.625,0.8333333333333334
9,dok273.txt,AC,0.6666666666666666,1.0
10,dok364.txt,WA,0.6,1.0
average precision,0.7479761904761905