rank,document,verdict,Precision,Recall
1,dok402.txt,WA,0.0,0.0
2,dok253.txt,AC,0.5,0.16666666666666666
3,dok365.txt,AC,0.6666666666666666,0.3333333333333333
4,dok198.txt,AC,0.75,0.5
5,dok248.txt,AC,0.8,0.6666666666666666
6,dok261.txt,WA,0.6666666666666666,0.6666666666666666
7,dok353.txt,WA,0.5714285714285714,0.6666666666666666
8,dok190.txt,AC,0.625,0.8333333333333334
9,dok301.txt,AC,0.6666666666666666,1.0
10,dok252.txt,WA,0.6,1.0
average precision,0.5846428571428571