rank,document,verdict,Precision,Recall
1,dok24.txt,WA,0.0,0.0
2,dok95.txt,WA,0.0,0.0
3,dok385.txt,WA,0.0,0.0
4,dok283.txt,WA,0.0,0.0
5,dok145.txt,AC,0.2,1.0
6,dok276.txt,WA,0.16666666666666666,1.0
7,dok79.txt,WA,0.14285714285714285,1.0
8,dok8.txt,WA,0.125,1.0
9,dok296.txt,WA,0.1111111111111111,1.0
10,dok377.txt,WA,0.1,1.0
average precision,0.08456349206349206