rank,document,verdict,Precision,Recall
1,dok24.txt,AC,1.0,0.16666666666666666
2,dok95.txt,AC,1.0,0.3333333333333333
3,dok385.txt,AC,1.0,0.5
4,dok394.txt,AC,1.0,0.6666666666666666
5,dok15.txt,AC,1.0,0.8333333333333334
6,dok19.txt,WA,0.8333333333333334,0.8333333333333334
7,dok90.txt,WA,0.7142857142857143,0.8333333333333334
8,dok157.txt,WA,0.625,0.8333333333333334
9,dok243.txt,WA,0.5555555555555556,0.8333333333333334
10,dok263.txt,AC,0.6,1.0
average precision,0.8328174603174603