rank,document,verdict,Precision,Recall
1,dok253.txt,AC,1.0,0.3333333333333333
2,dok213.txt,WA,0.5,0.3333333333333333
3,dok269.txt,WA,0.3333333333333333,0.3333333333333333
4,dok400.txt,AC,0.5,0.6666666666666666
5,dok364.txt,WA,0.4,0.6666666666666666
6,dok257.txt,WA,0.3333333333333333,0.6666666666666666
7,dok363.txt,WA,0.2857142857142857,0.6666666666666666
8,dok264.txt,AC,0.375,1.0
9,dok262.txt,WA,0.3333333333333333,1.0
10,dok278.txt,WA,0.3,1.0
average precision,0.4360714285714285