rank,document,verdict,Precision,Recall
1,dok394.txt,AC,1.0,0.25
2,dok142.txt,AC,1.0,0.5
3,dok71.txt,AC,1.0,0.75
4,dok6.txt,WA,0.75,0.75
5,dok77.txt,WA,0.6,0.75
6,dok343.txt,AC,0.6666666666666666,1.0
7,dok2.txt,WA,0.5714285714285714,1.0
8,dok73.txt,WA,0.5,1.0
9,dok241.txt,WA,0.4444444444444444,1.0
10,dok384.txt,WA,0.4,1.0
average precision,0.6932539682539682