rank,document,verdict,Precision,Recall
1,dok248.txt,AC,1.0,0.5
2,dok402.txt,WA,0.5,0.5
3,dok218.txt,WA,0.3333333333333333,0.5
4,dok212.txt,WA,0.25,0.5
5,dok204.txt,WA,0.2,0.5
6,dok215.txt,WA,0.16666666666666666,0.5
7,dok365.txt,AC,0.2857142857142857,1.0
8,dok232.txt,WA,0.25,1.0
9,dok377.txt,WA,0.2222222222222222,1.0
10,dok110.txt,WA,0.2,1.0
average precision,0.34079365079365076