rank,document,verdict,Precision,Recall
1,dok386.txt,WA,0.0,0.0
2,dok11.txt,WA,0.0,0.0
3,dok82.txt,WA,0.0,0.0
4,dok132.txt,AC,0.25,0.5
5,dok61.txt,AC,0.4,1.0
6,dok213.txt,WA,0.3333333333333333,1.0
7,dok355.txt,WA,0.2857142857142857,1.0
8,dok18.txt,WA,0.25,1.0
9,dok89.txt,WA,0.2222222222222222,1.0
10,dok113.txt,WA,0.2,1.0
average precision,0.19412698412698412