rank,document,verdict,Precision,Recall
1,dok393.txt,WA,0.0,0.0
2,dok346.txt,AC,0.5,0.2
3,dok171.txt,AC,0.6666666666666666,0.4
4,dok111.txt,AC,0.75,0.6
5,dok40.txt,AC,0.8,0.8
6,dok359.txt,WA,0.6666666666666666,0.8
7,dok166.txt,WA,0.5714285714285714,0.8
8,dok236.txt,WA,0.5,0.8
9,dok200.txt,AC,0.5555555555555556,1.0
10,dok249.txt,WA,0.5,1.0
average precision,0.551031746031746