rank,document,verdict,Precision,Recall
1,dok253.txt,WA,0.0,0.0
2,dok399.txt,WA,0.0,0.0
3,dok213.txt,AC,0.3333333333333333,0.3333333333333333
4,dok400.txt,AC,0.5,0.6666666666666666
5,dok190.txt,WA,0.4,0.6666666666666666
6,dok369.txt,WA,0.3333333333333333,0.6666666666666666
7,dok364.txt,AC,0.42857142857142855,1.0
8,dok249.txt,WA,0.375,1.0
9,dok247.txt,WA,0.3333333333333333,1.0
10,dok296.txt,WA,0.3,1.0
average precision,0.3003571428571429