rank,document,verdict,Precision,Recall
1,dok253.txt,AC,1.0,0.25
2,dok249.txt,WA,0.5,0.25
3,dok401.txt,WA,0.3333333333333333,0.25
4,dok210.txt,WA,0.25,0.25
5,dok399.txt,WA,0.2,0.25
6,dok369.txt,WA,0.16666666666666666,0.25
7,dok366.txt,AC,0.2857142857142857,0.5
8,dok256.txt,AC,0.375,0.75
9,dok400.txt,AC,0.4444444444444444,1.0
10,dok257.txt,WA,0.4,1.0
average precision,0.39551587301587293