rank,document,verdict,Precision,Recall
1,dok253.txt,AC,1.0,0.16666666666666666
2,dok402.txt,WA,0.5,0.16666666666666666
3,dok365.txt,AC,0.6666666666666666,0.3333333333333333
4,dok248.txt,AC,0.75,0.5
5,dok261.txt,WA,0.6,0.5
6,dok198.txt,AC,0.6666666666666666,0.6666666666666666
7,dok190.txt,AC,0.7142857142857143,0.8333333333333334
8,dok301.txt,AC,0.75,1.0
9,dok353.txt,WA,0.6666666666666666,1.0
10,dok252.txt,WA,0.6,1.0
average precision,0.6914285714285715