rank,document,verdict,Precision,Recall
1,dok79.txt,WA,0.0,0.0
2,dok8.txt,WA,0.0,0.0
3,dok389.txt,WA,0.0,0.0
4,dok385.txt,AC,0.25,0.3333333333333333
5,dok15.txt,WA,0.2,0.3333333333333333
6,dok86.txt,WA,0.16666666666666666,0.3333333333333333
7,dok268.txt,WA,0.14285714285714285,0.3333333333333333
8,dok325.txt,WA,0.125,0.3333333333333333
9,dok24.txt,AC,0.2222222222222222,0.6666666666666666
10,dok95.txt,AC,0.3,1.0
average precision,0.14067460317460317