rank,document,verdict,Precision,Recall
1,dok394.txt,AC,1.0,0.3333333333333333
2,dok140.txt,WA,0.5,0.3333333333333333
3,dok69.txt,WA,0.3333333333333333,0.3333333333333333
4,dok142.txt,AC,0.5,0.6666666666666666
5,dok71.txt,AC,0.6,1.0
6,dok343.txt,WA,0.5,1.0
7,dok184.txt,WA,0.42857142857142855,1.0
8,dok339.txt,WA,0.375,1.0
9,dok315.txt,WA,0.3333333333333333,1.0
10,dok273.txt,WA,0.3,1.0
average precision,0.4870238095238094