rank,document,verdict,Precision,Recall
1,dok385.txt,WA,0.0,0.0
2,dok399.txt,WA,0.0,0.0
3,dok213.txt,AC,0.3333333333333333,0.3333333333333333
4,dok400.txt,AC,0.5,0.6666666666666666
5,dok299.txt,WA,0.4,0.6666666666666666
6,dok276.txt,WA,0.3333333333333333,0.6666666666666666
7,dok369.txt,WA,0.2857142857142857,0.6666666666666666
8,dok364.txt,AC,0.375,1.0
9,dok247.txt,WA,0.3333333333333333,1.0
10,dok296.txt,WA,0.3,1.0
average precision,0.2860714285714286