rank,document,verdict,Precision,Recall
1,dok24.txt,WA,0.0,0.0
2,dok95.txt,WA,0.0,0.0
3,dok385.txt,AC,0.3333333333333333,0.5
4,dok157.txt,AC,0.5,1.0
5,dok291.txt,WA,0.4,1.0
6,dok112.txt,WA,0.3333333333333333,1.0
7,dok41.txt,WA,0.2857142857142857,1.0
8,dok300.txt,WA,0.25,1.0
9,dok5.txt,WA,0.2222222222222222,1.0
10,dok76.txt,WA,0.2,1.0
average precision,0.2524603174603175