rank,document,verdict,Precision,Recall
1,dok365.txt,AC,1.0,0.3333333333333333
2,dok247.txt,WA,0.5,0.3333333333333333
3,dok110.txt,WA,0.3333333333333333,0.3333333333333333
4,dok39.txt,WA,0.25,0.3333333333333333
5,dok248.txt,WA,0.2,0.3333333333333333
6,dok402.txt,WA,0.16666666666666666,0.3333333333333333
7,dok192.txt,WA,0.14285714285714285,0.3333333333333333
8,dok253.txt,AC,0.25,0.6666666666666666
9,dok212.txt,AC,0.3333333333333333,1.0
10,dok161.txt,WA,0.3,1.0
average precision,0.3476190476190476