rank,document,verdict,Precision,Recall
1,dok24.txt,WA,0.0,0.0
2,dok95.txt,WA,0.0,0.0
3,dok385.txt,AC,0.3333333333333333,1.0
4,dok20.txt,WA,0.25,1.0
5,dok91.txt,WA,0.2,1.0
6,dok389.txt,WA,0.16666666666666666,1.0
7,dok22.txt,WA,0.14285714285714285,1.0
8,dok93.txt,WA,0.125,1.0
9,dok328.txt,WA,0.1111111111111111,1.0
10,dok165.txt,WA,0.1,1.0
average precision,0.1428968253968254