rank,document,verdict,Precision,Recall
1,dok365.txt,AC,1.0,0.5
2,dok247.txt,WA,0.5,0.5
3,dok110.txt,WA,0.3333333333333333,0.5
4,dok39.txt,WA,0.25,0.5
5,dok248.txt,AC,0.4,1.0
6,dok212.txt,WA,0.3333333333333333,1.0
7,dok218.txt,WA,0.2857142857142857,1.0
8,dok402.txt,WA,0.25,1.0
9,dok149.txt,WA,0.2222222222222222,1.0
10,dok192.txt,WA,0.2,1.0
average precision,0.37746031746031744