rank,document,verdict,Precision,Recall
1,dok15.txt,AC,1.0,0.2
2,dok86.txt,AC,1.0,0.4
3,dok19.txt,WA,0.6666666666666666,0.4
4,dok90.txt,WA,0.5,0.4
5,dok25.txt,WA,0.4,0.4
6,dok96.txt,WA,0.3333333333333333,0.4
7,dok396.txt,AC,0.42857142857142855,0.6
8,dok157.txt,WA,0.375,0.6
9,dok2.txt,AC,0.4444444444444444,0.8
10,dok73.txt,AC,0.5,1.0
average precision,0.5648015873015872