rank,document,verdict,Precision,Recall
1,dok253.txt,AC,1.0,0.5
2,dok399.txt,WA,0.5,0.5
3,dok210.txt,WA,0.3333333333333333,0.5
4,dok401.txt,WA,0.25,0.5
5,dok242.txt,WA,0.2,0.5
6,dok357.txt,WA,0.16666666666666666,0.5
7,dok264.txt,AC,0.2857142857142857,1.0
8,dok369.txt,WA,0.25,1.0
9,dok375.txt,WA,0.2222222222222222,1.0
10,dok249.txt,WA,0.2,1.0
average precision,0.34079365079365076