rank,document,verdict,Precision,Recall
1,dok15.txt,AC,1.0,0.16666666666666666
2,dok24.txt,AC,1.0,0.3333333333333333
3,dok95.txt,AC,1.0,0.5
4,dok385.txt,AC,1.0,0.6666666666666666
5,dok19.txt,WA,0.8,0.6666666666666666
6,dok90.txt,WA,0.6666666666666666,0.6666666666666666
7,dok394.txt,AC,0.7142857142857143,0.8333333333333334
8,dok157.txt,WA,0.625,0.8333333333333334
9,dok263.txt,AC,0.6666666666666666,1.0
10,dok243.txt,WA,0.6,1.0
average precision,0.8072619047619047