rank,document,verdict,Precision,Recall
1,dok248.txt,WA,0.0,0.0
2,dok368.txt,WA,0.0,0.0
3,dok369.txt,WA,0.0,0.0
4,dok231.txt,WA,0.0,0.0
5,dok351.txt,WA,0.0,0.0
6,dok145.txt,AC,0.16666666666666666,0.5
7,dok281.txt,WA,0.14285714285714285,0.5
8,dok276.txt,AC,0.25,1.0
9,dok296.txt,WA,0.2222222222222222,1.0
10,dok362.txt,WA,0.2,1.0
average precision,0.09817460317460318