rank,document,verdict,Precision,Recall
1,dok365.txt,AC,1.0,0.16666666666666666
2,dok253.txt,AC,1.0,0.3333333333333333
3,dok402.txt,WA,0.6666666666666666,0.3333333333333333
4,dok261.txt,WA,0.5,0.3333333333333333
5,dok248.txt,AC,0.6,0.5
6,dok198.txt,AC,0.6666666666666666,0.6666666666666666
7,dok353.txt,WA,0.5714285714285714,0.6666666666666666
8,dok252.txt,WA,0.5,0.6666666666666666
9,dok190.txt,AC,0.5555555555555556,0.8333333333333334
10,dok301.txt,AC,0.6,1.0
average precision,0.666031746031746