rank,document,verdict,Precision,Recall
1,dok140.txt,AC,1.0,0.3333333333333333
2,dok69.txt,AC,1.0,0.6666666666666666
3,dok343.txt,WA,0.6666666666666666,0.6666666666666666
4,dok139.txt,WA,0.5,0.6666666666666666
5,dok68.txt,WA,0.4,0.6666666666666666
6,dok221.txt,WA,0.3333333333333333,0.6666666666666666
7,dok394.txt,AC,0.42857142857142855,1.0
8,dok249.txt,WA,0.375,1.0
9,dok399.txt,WA,0.3333333333333333,1.0
10,dok218.txt,WA,0.3,1.0
average precision,0.5336904761904762