rank,document,verdict,Precision,Recall
1,dok79.txt,WA,0.0,0.0
2,dok8.txt,WA,0.0,0.0
3,dok20.txt,AC,0.3333333333333333,0.2
4,dok91.txt,AC,0.5,0.4
5,dok24.txt,AC,0.6,0.6
6,dok95.txt,AC,0.6666666666666666,0.8
7,dok385.txt,AC,0.7142857142857143,1.0
8,dok388.txt,WA,0.625,1.0
9,dok334.txt,WA,0.5555555555555556,1.0
10,dok268.txt,WA,0.5,1.0
average precision,0.44948412698412693