rank,document,verdict,Precision,Recall
1,dok190.txt,WA,0.0,0.0
2,dok301.txt,WA,0.0,0.0
3,dok360.txt,WA,0.0,0.0
4,dok350.txt,WA,0.0,0.0
5,dok187.txt,WA,0.0,0.0
6,dok18.txt,AC,0.16666666666666666,0.5
7,dok89.txt,AC,0.2857142857142857,1.0
8,dok197.txt,WA,0.25,1.0
9,dok402.txt,WA,0.2222222222222222,1.0
10,dok248.txt,WA,0.2,1.0
average precision,0.11246031746031745