rank,document,verdict,Precision,Recall
1,dok218.txt,WA,0.0,0.0
2,dok365.txt,AC,0.5,0.16666666666666666
3,dok248.txt,AC,0.6666666666666666,0.3333333333333333
4,dok212.txt,WA,0.5,0.3333333333333333
5,dok110.txt,AC,0.6,0.5
6,dok39.txt,AC,0.6666666666666666,0.6666666666666666
7,dok203.txt,WA,0.5714285714285714,0.6666666666666666
8,dok402.txt,AC,0.625,0.8333333333333334
9,dok195.txt,AC,0.6666666666666666,1.0
10,dok307.txt,WA,0.6,1.0
average precision,0.5396428571428571