rank,document,verdict,Precision,Recall
1,dok224.txt,WA,0.0,0.0
2,dok402.txt,WA,0.0,0.0
3,dok385.txt,WA,0.0,0.0
4,dok274.txt,WA,0.0,0.0
5,dok142.txt,AC,0.2,0.5
6,dok71.txt,AC,0.3333333333333333,1.0
7,dok115.txt,WA,0.2857142857142857,1.0
8,dok44.txt,WA,0.25,1.0
9,dok218.txt,WA,0.2222222222222222,1.0
10,dok328.txt,WA,0.2,1.0
average precision,0.1491269841269841