rank,document,verdict,Precision,Recall
1,dok385.txt,WA,0.0,0.0
2,dok399.txt,WA,0.0,0.0
3,dok369.txt,WA,0.0,0.0
4,dok213.txt,AC,0.25,0.3333333333333333
5,dok400.txt,AC,0.4,0.6666666666666666
6,dok299.txt,WA,0.3333333333333333,0.6666666666666666
7,dok364.txt,AC,0.42857142857142855,1.0
8,dok247.txt,WA,0.375,1.0
9,dok296.txt,WA,0.3333333333333333,1.0
10,dok276.txt,WA,0.3,1.0
average precision,0.2420238095238095