rank,document,verdict,Precision,Recall
1,dok24.txt,AC,1.0,0.2
2,dok95.txt,AC,1.0,0.4
3,dok385.txt,AC,1.0,0.6
4,dok20.txt,AC,1.0,0.8
5,dok91.txt,AC,1.0,1.0
6,dok79.txt,WA,0.8333333333333334,1.0
7,dok8.txt,WA,0.7142857142857143,1.0
8,dok334.txt,WA,0.625,1.0
9,dok389.txt,WA,0.5555555555555556,1.0
10,dok165.txt,WA,0.5,1.0
average precision,0.8228174603174603