rank,document,verdict,Precision,Recall
1,dok140.txt,AC,1.0,0.3333333333333333
2,dok69.txt,AC,1.0,0.6666666666666666
3,dok343.txt,WA,0.6666666666666666,0.6666666666666666
4,dok221.txt,WA,0.5,0.6666666666666666
5,dok394.txt,AC,0.6,1.0
6,dok218.txt,WA,0.5,1.0
7,dok249.txt,WA,0.42857142857142855,1.0
8,dok139.txt,WA,0.375,1.0
9,dok68.txt,WA,0.3333333333333333,1.0
10,dok208.txt,WA,0.3,1.0
average precision,0.5703571428571428