rank,document,verdict,Precision,Recall
1,dok365.txt,WA,0.0,0.0
2,dok248.txt,WA,0.0,0.0
3,dok402.txt,AC,0.3333333333333333,0.5
4,dok204.txt,AC,0.5,1.0
5,dok110.txt,WA,0.4,1.0
6,dok39.txt,WA,0.3333333333333333,1.0
7,dok247.txt,WA,0.2857142857142857,1.0
8,dok192.txt,WA,0.25,1.0
9,dok212.txt,WA,0.2222222222222222,1.0
10,dok357.txt,WA,0.2,1.0
average precision,0.2524603174603175