rank,document,verdict,Precision,Recall
1,dok24.txt,WA,0.0,0.0
2,dok95.txt,WA,0.0,0.0
3,dok209.txt,WA,0.0,0.0
4,dok162.txt,WA,0.0,0.0
5,dok353.txt,WA,0.0,0.0
6,dok124.txt,AC,0.16666666666666666,0.5
7,dok53.txt,AC,0.2857142857142857,1.0
8,dok129.txt,WA,0.25,1.0
9,dok58.txt,WA,0.2222222222222222,1.0
10,dok303.txt,WA,0.2,1.0
average precision,0.11246031746031745