rank,document,verdict,Precision,Recall
1,dok269.txt,WA,0.0,0.0
2,dok209.txt,AC,0.5,0.3333333333333333
3,dok115.txt,WA,0.3333333333333333,0.3333333333333333
4,dok44.txt,WA,0.25,0.3333333333333333
5,dok186.txt,AC,0.4,0.6666666666666666
6,dok275.txt,WA,0.3333333333333333,0.6666666666666666
7,dok125.txt,AC,0.42857142857142855,1.0
8,dok54.txt,WA,0.375,1.0
9,dok353.txt,WA,0.3333333333333333,1.0
10,dok240.txt,WA,0.3,1.0
average precision,0.32535714285714284