rank,document,verdict,Precision,Recall
1,dok202.txt,WA,0.0,0.0
2,dok370.txt,WA,0.0,0.0
3,dok381.txt,WA,0.0,0.0
4,dok272.txt,WA,0.0,0.0
5,dok159.txt,WA,0.0,0.0
6,dok307.txt,AC,0.16666666666666666,0.25
7,dok196.txt,WA,0.14285714285714285,0.25
8,dok143.txt,AC,0.25,0.5
9,dok158.txt,AC,0.3333333333333333,0.75
10,dok367.txt,AC,0.4,1.0
average precision,0.12928571428571428