rank,document,verdict,Precision,Recall
1,dok111.txt,WA,0.0,0.0
2,dok40.txt,WA,0.0,0.0
3,dok189.txt,WA,0.0,0.0
4,dok101.txt,WA,0.0,0.0
5,dok30.txt,WA,0.0,0.0
6,dok133.txt,AC,0.16666666666666666,0.5
7,dok62.txt,AC,0.2857142857142857,1.0
8,dok196.txt,WA,0.25,1.0
9,dok353.txt,WA,0.2222222222222222,1.0
10,dok252.txt,WA,0.2,1.0
average precision,0.11246031746031745