rank,document,verdict,Precision,Recall
1,dok111.txt,WA,0.0,0.0
2,dok40.txt,WA,0.0,0.0
3,dok6.txt,AC,0.3333333333333333,0.25
4,dok77.txt,AC,0.5,0.5
5,dok353.txt,WA,0.4,0.5
6,dok126.txt,AC,0.5,0.75
7,dok55.txt,AC,0.5714285714285714,1.0
8,dok195.txt,WA,0.5,1.0
9,dok127.txt,WA,0.4444444444444444,1.0
10,dok56.txt,WA,0.4,1.0
average precision,0.3649206349206349