rank,document,verdict,Precision,Recall
1,dok298.txt,AC,1.0,0.2
2,dok358.txt,AC,1.0,0.4
3,dok149.txt,WA,0.6666666666666666,0.4
4,dok314.txt,AC,0.75,0.6
5,dok293.txt,WA,0.6,0.6
6,dok379.txt,AC,0.6666666666666666,0.8
7,dok340.txt,WA,0.5714285714285714,0.8
8,dok376.txt,AC,0.625,1.0
9,dok169.txt,WA,0.5555555555555556,1.0
10,dok216.txt,WA,0.5,1.0
average precision,0.693531746031746