rank,document,verdict,Precision,Recall
1,dok126.txt,AC,1.0,0.25
2,dok55.txt,AC,1.0,0.5
3,dok6.txt,AC,1.0,0.75
4,dok77.txt,AC,1.0,1.0
5,dok195.txt,WA,0.8,1.0
6,dok385.txt,WA,0.6666666666666666,1.0
7,dok386.txt,WA,0.5714285714285714,1.0
8,dok384.txt,WA,0.5,1.0
9,dok24.txt,WA,0.4444444444444444,1.0
10,dok95.txt,WA,0.4,1.0
average precision,0.7382539682539683