rank,document,verdict,Precision,Recall
1,dok315.txt,AC,1.0,0.2
2,dok273.txt,AC,1.0,0.4
3,dok142.txt,AC,1.0,0.6
4,dok71.txt,AC,1.0,0.8
5,dok394.txt,AC,1.0,1.0
6,dok139.txt,WA,0.8333333333333334,1.0
7,dok68.txt,WA,0.7142857142857143,1.0
8,dok343.txt,WA,0.625,1.0
9,dok353.txt,WA,0.5555555555555556,1.0
10,dok271.txt,WA,0.5,1.0
average precision,0.8228174603174603