rank,document,verdict,Precision,Recall
1,dok298.txt,AC,1.0,0.16666666666666666
2,dok314.txt,AC,1.0,0.3333333333333333
3,dok344.txt,AC,1.0,0.5
4,dok358.txt,AC,1.0,0.6666666666666666
5,dok235.txt,AC,1.0,0.8333333333333334
6,dok379.txt,AC,1.0,1.0
7,dok293.txt,WA,0.8571428571428571,1.0
8,dok149.txt,WA,0.75,1.0
9,dok166.txt,WA,0.6666666666666666,1.0
10,dok352.txt,WA,0.6,1.0
average precision,0.8873809523809524