rank,document,verdict,Precision,Recall
1,dok7.txt,AC,1.0,0.2
2,dok78.txt,AC,1.0,0.4
3,dok133.txt,AC,1.0,0.6
4,dok62.txt,AC,1.0,0.8
5,dok270.txt,AC,1.0,1.0
6,dok129.txt,WA,0.8333333333333334,1.0
7,dok58.txt,WA,0.7142857142857143,1.0
8,dok132.txt,WA,0.625,1.0
9,dok61.txt,WA,0.5555555555555556,1.0
10,dok18.txt,WA,0.5,1.0
average precision,0.8228174603174603