rank,document,verdict,Precision,Recall
1,dok351.txt,WA,0.0,0.0
2,dok231.txt,WA,0.0,0.0
3,dok247.txt,WA,0.0,0.0
4,dok325.txt,AC,0.25,0.25
5,dok268.txt,AC,0.4,0.5
6,dok133.txt,WA,0.3333333333333333,0.5
7,dok62.txt,WA,0.2857142857142857,0.5
8,dok7.txt,AC,0.375,0.75
9,dok78.txt,AC,0.4444444444444444,1.0
10,dok288.txt,WA,0.4,1.0
average precision,0.24884920634920635