rank,document,verdict,Precision,Recall
1,dok315.txt,AC,1.0,0.16666666666666666
2,dok273.txt,AC,1.0,0.3333333333333333
3,dok142.txt,AC,1.0,0.5
4,dok71.txt,AC,1.0,0.6666666666666666
5,dok139.txt,AC,1.0,0.8333333333333334
6,dok68.txt,WA,0.8333333333333334,0.8333333333333334
7,dok394.txt,AC,0.8571428571428571,1.0
8,dok343.txt,WA,0.75,1.0
9,dok271.txt,WA,0.6666666666666666,1.0
10,dok327.txt,WA,0.6,1.0
11,dok201.txt,WA,0.5454545454545454,1.0
12,dok229.txt,WA,0.5,1.0
13,dok348.txt,WA,0.46153846153846156,1.0
14,dok103.txt,WA,0.42857142857142855,1.0
15,dok32.txt,WA,0.4,1.0
16,dok5.txt,WA,0.375,1.0
17,dok76.txt,WA,0.35294117647058826,1.0
18,dok140.txt,WA,0.3333333333333333,1.0
19,dok69.txt,WA,0.3157894736842105,1.0
20,dok385.txt,WA,0.3,1.0
21,dok15.txt,WA,0.2857142857142857,1.0
22,dok86.txt,WA,0.2727272727272727,1.0
23,dok217.txt,WA,0.2608695652173913,1.0
24,dok243.txt,WA,0.25,1.0
25,dok1.txt,WA,0.24,1.0
26,dok72.txt,WA,0.23076923076923078,1.0
27,dok292.txt,WA,0.2222222222222222,1.0
28,dok102.txt,WA,0.21428571428571427,1.0
29,dok31.txt,WA,0.20689655172413793,1.0
30,dok402.txt,WA,0.2,1.0
31,dok3.txt,WA,0.1935483870967742,1.0
32,dok74.txt,WA,0.1875,1.0
33,dok234.txt,WA,0.18181818181818182,1.0
34,dok220.txt,WA,0.17647058823529413,1.0
35,dok224.txt,WA,0.17142857142857143,1.0
36,dok399.txt,WA,0.16666666666666666,1.0
37,dok28.txt,WA,0.16216216216216217,1.0
38,dok99.txt,WA,0.15789473684210525,1.0
39,dok131.txt,WA,0.15384615384615385,1.0
40,dok60.txt,WA,0.15,1.0
41,dok384.txt,WA,0.14634146341463414,1.0
42,dok25.txt,WA,0.14285714285714285,1.0
43,dok96.txt,WA,0.13953488372093023,1.0
44,dok126.txt,WA,0.13636363636363635,1.0
45,dok55.txt,WA,0.13333333333333333,1.0
46,dok265.txt,WA,0.13043478260869565,1.0
47,dok322.txt,WA,0.1276595744680851,1.0
48,dok248.txt,WA,0.125,1.0
49,dok161.txt,WA,0.12244897959183673,1.0
50,dok390.txt,WA,0.12,1.0
average precision,0.36257130726619763