rank,document,verdict,Precision,Recall
1,dok188.txt,AC,1.0,0.25
2,dok131.txt,AC,1.0,0.5
3,dok60.txt,AC,1.0,0.75
4,dok388.txt,WA,0.75,0.75
5,dok24.txt,WA,0.6,0.75
6,dok95.txt,WA,0.5,0.75
7,dok28.txt,WA,0.42857142857142855,0.75
8,dok99.txt,AC,0.5,1.0
9,dok79.txt,WA,0.4444444444444444,1.0
10,dok8.txt,WA,0.4,1.0
11,dok353.txt,WA,0.36363636363636365,1.0
12,dok203.txt,WA,0.3333333333333333,1.0
13,dok101.txt,WA,0.3076923076923077,1.0
14,dok30.txt,WA,0.2857142857142857,1.0
15,dok374.txt,WA,0.26666666666666666,1.0
16,dok165.txt,WA,0.25,1.0
17,dok17.txt,WA,0.23529411764705882,1.0
18,dok88.txt,WA,0.2222222222222222,1.0
19,dok113.txt,WA,0.21052631578947367,1.0
20,dok42.txt,WA,0.2,1.0
21,dok202.txt,WA,0.19047619047619047,1.0
22,dok193.txt,WA,0.18181818181818182,1.0
23,dok189.txt,WA,0.17391304347826086,1.0
24,dok319.txt,WA,0.16666666666666666,1.0
25,dok159.txt,WA,0.16,1.0
26,dok111.txt,WA,0.15384615384615385,1.0
27,dok40.txt,WA,0.14814814814814814,1.0
28,dok261.txt,WA,0.14285714285714285,1.0
29,dok166.txt,WA,0.13793103448275862,1.0
30,dok217.txt,WA,0.13333333333333333,1.0
31,dok394.txt,WA,0.12903225806451613,1.0
32,dok142.txt,WA,0.125,1.0
33,dok71.txt,WA,0.12121212121212122,1.0
34,dok297.txt,WA,0.11764705882352941,1.0
35,dok134.txt,WA,0.11428571428571428,1.0
36,dok63.txt,WA,0.1111111111111111,1.0
37,dok115.txt,WA,0.10810810810810811,1.0
38,dok44.txt,WA,0.10526315789473684,1.0
39,dok177.txt,WA,0.10256410256410256,1.0
40,dok129.txt,WA,0.1,1.0
41,dok58.txt,WA,0.0975609756097561,1.0
42,dok270.txt,WA,0.09523809523809523,1.0
43,dok373.txt,WA,0.09302325581395349,1.0
44,dok136.txt,WA,0.09090909090909091,1.0
45,dok65.txt,WA,0.08888888888888889,1.0
46,dok397.txt,WA,0.08695652173913043,1.0
47,dok214.txt,WA,0.0851063829787234,1.0
48,dok146.txt,WA,0.08333333333333333,1.0
49,dok185.txt,WA,0.08163265306122448,1.0
50,dok207.txt,WA,0.08,1.0
average precision,0.25807928420921106