rank,document,verdict,Precision,Recall
1,dok276.txt,WA,0.0,0.0
2,dok398.txt,AC,0.5,0.2
3,dok296.txt,WA,0.3333333333333333,0.2
4,dok283.txt,WA,0.25,0.2
5,dok368.txt,AC,0.4,0.4
6,dok147.txt,AC,0.5,0.6
7,dok153.txt,AC,0.5714285714285714,0.8
8,dok289.txt,AC,0.625,1.0
9,dok377.txt,WA,0.5555555555555556,1.0
10,dok367.txt,WA,0.5,1.0
average precision,0.423531746031746