rank,document,verdict,Precision,Recall
1,dok253.txt,AC,1.0,0.25
2,dok257.txt,AC,1.0,0.5
3,dok205.txt,WA,0.6666666666666666,0.5
4,dok249.txt,WA,0.5,0.5
5,dok275.txt,WA,0.4,0.5
6,dok210.txt,AC,0.5,0.75
7,dok400.txt,AC,0.5714285714285714,1.0
8,dok219.txt,WA,0.5,1.0
9,dok231.txt,WA,0.4444444444444444,1.0
10,dok351.txt,WA,0.4,1.0
average precision,0.5982539682539683