rank,document,verdict,Precision,Recall
1,dok353.txt,WA,0.0,0.0
2,dok132.txt,AC,0.5,0.5
3,dok61.txt,AC,0.6666666666666666,1.0
4,dok386.txt,WA,0.5,1.0
5,dok11.txt,WA,0.4,1.0
6,dok82.txt,WA,0.3333333333333333,1.0
7,dok18.txt,WA,0.2857142857142857,1.0
8,dok89.txt,WA,0.25,1.0
9,dok129.txt,WA,0.2222222222222222,1.0
10,dok58.txt,WA,0.2,1.0
average precision,0.3357936507936508