rank,document,verdict,Precision,Recall
1,dok127.txt,AC,1.0,0.5
2,dok56.txt,AC,1.0,1.0
3,dok353.txt,WA,0.6666666666666666,1.0
4,dok128.txt,WA,0.5,1.0
5,dok57.txt,WA,0.4,1.0
6,dok11.txt,WA,0.3333333333333333,1.0
7,dok82.txt,WA,0.2857142857142857,1.0
8,dok269.txt,WA,0.25,1.0
9,dok159.txt,WA,0.2222222222222222,1.0
10,dok15.txt,WA,0.2,1.0
average precision,0.48579365079365083