rank,document,verdict,Precision,Recall
1,dok139.txt,WA,0.0,0.0
2,dok68.txt,WA,0.0,0.0
3,dok365.txt,AC,0.3333333333333333,0.25
4,dok218.txt,WA,0.25,0.25
5,dok240.txt,WA,0.2,0.25
6,dok228.txt,WA,0.16666666666666666,0.25
7,dok208.txt,AC,0.2857142857142857,0.5
8,dok394.txt,AC,0.375,0.75
9,dok353.txt,WA,0.3333333333333333,0.75
10,dok230.txt,AC,0.4,1.0
average precision,0.23440476190476187