rank,document,verdict,Precision,Recall
1,dok315.txt,AC,1.0,0.2
2,dok273.txt,AC,1.0,0.4
3,dok139.txt,WA,0.6666666666666666,0.4
4,dok68.txt,WA,0.5,0.4
5,dok142.txt,AC,0.6,0.6
6,dok71.txt,AC,0.6666666666666666,0.8
7,dok394.txt,AC,0.7142857142857143,1.0
8,dok343.txt,WA,0.625,1.0
9,dok271.txt,WA,0.5555555555555556,1.0
10,dok327.txt,WA,0.5,1.0
average precision,0.6828174603174604