rank,document,verdict,Precision,Recall
1,dok213.txt,AC,1.0,0.3333333333333333
2,dok247.txt,WA,0.5,0.3333333333333333
3,dok364.txt,AC,0.6666666666666666,0.6666666666666666
4,dok399.txt,WA,0.5,0.6666666666666666
5,dok400.txt,AC,0.6,1.0
6,dok296.txt,WA,0.5,1.0
7,dok190.txt,WA,0.42857142857142855,1.0
8,dok253.txt,WA,0.375,1.0
9,dok249.txt,WA,0.3333333333333333,1.0
10,dok369.txt,WA,0.3,1.0
average precision,0.5203571428571429