rank,document,verdict,Precision,Recall
1,dok188.txt,AC,1.0,0.3333333333333333
2,dok28.txt,WA,0.5,0.3333333333333333
3,dok99.txt,WA,0.3333333333333333,0.3333333333333333
4,dok229.txt,WA,0.25,0.3333333333333333
5,dok348.txt,WA,0.2,0.3333333333333333
6,dok131.txt,AC,0.3333333333333333,0.6666666666666666
7,dok60.txt,AC,0.42857142857142855,1.0
8,dok210.txt,WA,0.375,1.0
9,dok382.txt,WA,0.3333333333333333,1.0
10,dok177.txt,WA,0.3,1.0
average precision,0.40535714285714286