rank,document,verdict,Precision,Recall
1,dok262.txt,WA,0.0,0.0
2,dok278.txt,WA,0.0,0.0
3,dok148.txt,AC,0.3333333333333333,0.5
4,dok285.txt,AC,0.5,1.0
5,dok293.txt,WA,0.4,1.0
6,dok181.txt,WA,0.3333333333333333,1.0
7,dok337.txt,WA,0.2857142857142857,1.0
8,dok231.txt,WA,0.25,1.0
9,dok351.txt,WA,0.2222222222222222,1.0
10,dok366.txt,WA,0.2,1.0
average precision,0.2524603174603175