rank,document,verdict,Precision,Recall
1,dok132.txt,WA,0.0,0.0
2,dok61.txt,WA,0.0,0.0
3,dok136.txt,AC,0.3333333333333333,0.25
4,dok65.txt,AC,0.5,0.5
5,dok270.txt,WA,0.4,0.5
6,dok386.txt,WA,0.3333333333333333,0.5
7,dok28.txt,AC,0.42857142857142855,0.75
8,dok99.txt,AC,0.5,1.0
9,dok18.txt,WA,0.4444444444444444,1.0
10,dok89.txt,WA,0.4,1.0
average precision,0.33396825396825397