rank,document,verdict,Precision,Recall
1,dok393.txt,WA,0.0,0.0
2,dok200.txt,AC,0.5,0.3333333333333333
3,dok186.txt,WA,0.3333333333333333,0.3333333333333333
4,dok206.txt,WA,0.25,0.3333333333333333
5,dok343.txt,WA,0.2,0.3333333333333333
6,dok111.txt,AC,0.3333333333333333,0.6666666666666666
7,dok40.txt,AC,0.42857142857142855,1.0
8,dok394.txt,WA,0.375,1.0
9,dok166.txt,WA,0.3333333333333333,1.0
10,dok5.txt,WA,0.3,1.0
average precision,0.3053571428571428