rank,document,verdict,Precision,Recall
1,dok6.txt,AC,1.0,0.25
2,dok77.txt,AC,1.0,0.5
3,dok386.txt,WA,0.6666666666666666,0.5
4,dok126.txt,AC,0.75,0.75
5,dok55.txt,AC,0.8,1.0
6,dok128.txt,WA,0.6666666666666666,1.0
7,dok57.txt,WA,0.5714285714285714,1.0
8,dok236.txt,WA,0.5,1.0
9,dok127.txt,WA,0.4444444444444444,1.0
10,dok56.txt,WA,0.4,1.0
11,dok80.txt,WA,0.36363636363636365,1.0
12,dok9.txt,WA,0.3333333333333333,1.0
13,dok393.txt,WA,0.3076923076923077,1.0
14,dok328.txt,WA,0.2857142857142857,1.0
15,dok11.txt,WA,0.26666666666666666,1.0
16,dok82.txt,WA,0.25,1.0
17,dok156.txt,WA,0.23529411764705882,1.0
18,dok238.txt,WA,0.2222222222222222,1.0
19,dok10.txt,WA,0.21052631578947367,1.0
20,dok81.txt,WA,0.2,1.0
21,dok248.txt,WA,0.19047619047619047,1.0
22,dok255.txt,WA,0.18181818181818182,1.0
23,dok146.txt,WA,0.17391304347826086,1.0
24,dok22.txt,WA,0.16666666666666666,1.0
25,dok93.txt,WA,0.16,1.0
26,dok204.txt,WA,0.15384615384615385,1.0
27,dok295.txt,WA,0.14814814814814814,1.0
28,dok124.txt,WA,0.14285714285714285,1.0
29,dok53.txt,WA,0.13793103448275862,1.0
30,dok199.txt,WA,0.13333333333333333,1.0
31,dok189.txt,WA,0.12903225806451613,1.0
32,dok319.txt,WA,0.125,1.0
33,dok24.txt,WA,0.12121212121212122,1.0
34,dok95.txt,WA,0.11764705882352941,1.0
35,dok385.txt,WA,0.11428571428571428,1.0
36,dok226.txt,WA,0.1111111111111111,1.0
37,dok320.txt,WA,0.10810810810810811,1.0
38,dok321.txt,WA,0.10526315789473684,1.0
39,dok111.txt,WA,0.10256410256410256,1.0
40,dok40.txt,WA,0.1,1.0
41,dok197.txt,WA,0.0975609756097561,1.0
42,dok223.txt,WA,0.09523809523809523,1.0
43,dok324.txt,WA,0.09302325581395349,1.0
44,dok195.txt,WA,0.09090909090909091,1.0
45,dok201.txt,WA,0.08888888888888889,1.0
46,dok220.txt,WA,0.08695652173913043,1.0
47,dok117.txt,WA,0.0851063829787234,1.0
48,dok46.txt,WA,0.08333333333333333,1.0
49,dok100.txt,WA,0.08163265306122448,1.0
50,dok29.txt,WA,0.08,1.0
average precision,0.2616030937330206