rank,document,verdict,Precision,Recall
1,dok365.txt,WA,0.0,0.0
2,dok394.txt,AC,0.5,0.25
3,dok24.txt,WA,0.3333333333333333,0.25
4,dok95.txt,WA,0.25,0.25
5,dok248.txt,WA,0.2,0.25
6,dok269.txt,WA,0.16666666666666666,0.25
7,dok385.txt,WA,0.14285714285714285,0.25
8,dok319.txt,WA,0.125,0.25
9,dok189.txt,WA,0.1111111111111111,0.25
10,dok142.txt,AC,0.2,0.5
11,dok71.txt,AC,0.2727272727272727,0.75
12,dok202.txt,WA,0.25,0.75
13,dok401.txt,WA,0.23076923076923078,0.75
14,dok209.txt,WA,0.21428571428571427,0.75
15,dok343.txt,AC,0.26666666666666666,1.0
16,dok111.txt,WA,0.25,1.0
17,dok40.txt,WA,0.23529411764705882,1.0
18,dok331.txt,WA,0.2222222222222222,1.0
19,dok101.txt,WA,0.21052631578947367,1.0
20,dok30.txt,WA,0.2,1.0
21,dok16.txt,WA,0.19047619047619047,1.0
22,dok87.txt,WA,0.18181818181818182,1.0
23,dok275.txt,WA,0.17391304347826086,1.0
24,dok261.txt,WA,0.16666666666666666,1.0
25,dok203.txt,WA,0.16,1.0
26,dok176.txt,WA,0.15384615384615385,1.0
27,dok266.txt,WA,0.14814814814814814,1.0
28,dok140.txt,WA,0.14285714285714285,1.0
29,dok69.txt,WA,0.13793103448275862,1.0
30,dok272.txt,WA,0.13333333333333333,1.0
31,dok17.txt,WA,0.12903225806451613,1.0
32,dok88.txt,WA,0.125,1.0
33,dok165.txt,WA,0.12121212121212122,1.0
34,dok6.txt,WA,0.11764705882352941,1.0
35,dok77.txt,WA,0.11428571428571428,1.0
36,dok115.txt,WA,0.1111111111111111,1.0
37,dok44.txt,WA,0.10810810810810811,1.0
38,dok353.txt,WA,0.10526315789473684,1.0
39,dok159.txt,WA,0.10256410256410256,1.0
40,dok2.txt,WA,0.1,1.0
41,dok73.txt,WA,0.0975609756097561,1.0
42,dok129.txt,WA,0.09523809523809523,1.0
43,dok58.txt,WA,0.09302325581395349,1.0
44,dok240.txt,WA,0.09090909090909091,1.0
45,dok371.txt,WA,0.08888888888888889,1.0
46,dok392.txt,WA,0.08695652173913043,1.0
47,dok241.txt,WA,0.0851063829787234,1.0
48,dok243.txt,WA,0.08333333333333333,1.0
49,dok252.txt,WA,0.08163265306122448,1.0
50,dok279.txt,WA,0.08,1.0
average precision,0.1597464503763773