rank,document,verdict,Precision,Recall
1,dok111.txt,WA,0.0,0.0
2,dok40.txt,WA,0.0,0.0
3,dok6.txt,AC,0.3333333333333333,0.25
4,dok77.txt,AC,0.5,0.5
5,dok353.txt,WA,0.4,0.5
6,dok127.txt,WA,0.3333333333333333,0.5
7,dok56.txt,WA,0.2857142857142857,0.5
8,dok126.txt,AC,0.375,0.75
9,dok55.txt,AC,0.4444444444444444,1.0
10,dok195.txt,WA,0.4,1.0
average precision,0.30718253968253967