rank,document,verdict,Precision,Recall
1,dok24.txt,AC,1.0,0.2
2,dok95.txt,AC,1.0,0.4
3,dok385.txt,AC,1.0,0.6
4,dok353.txt,WA,0.75,0.6
5,dok159.txt,WA,0.6,0.6
6,dok20.txt,AC,0.6666666666666666,0.8
7,dok91.txt,AC,0.7142857142857143,1.0
8,dok17.txt,WA,0.625,1.0
9,dok88.txt,WA,0.5555555555555556,1.0
10,dok165.txt,WA,0.5,1.0
average precision,0.7411507936507936