rank,document,verdict,Precision,Recall
1,dok189.txt,WA,0.0,0.0
2,dok111.txt,WA,0.0,0.0
3,dok40.txt,WA,0.0,0.0
4,dok133.txt,AC,0.25,0.5
5,dok62.txt,AC,0.4,1.0
6,dok101.txt,WA,0.3333333333333333,1.0
7,dok30.txt,WA,0.2857142857142857,1.0
8,dok196.txt,WA,0.25,1.0
9,dok353.txt,WA,0.2222222222222222,1.0
10,dok252.txt,WA,0.2,1.0
average precision,0.19412698412698412