rank,document,verdict,Precision,Recall
1,dok394.txt,AC,1.0,0.25
2,dok365.txt,AC,1.0,0.5
3,dok353.txt,WA,0.6666666666666666,0.5
4,dok228.txt,WA,0.5,0.5
5,dok218.txt,WA,0.4,0.5
6,dok230.txt,AC,0.5,0.75
7,dok240.txt,WA,0.42857142857142855,0.75
8,dok208.txt,AC,0.5,1.0
9,dok139.txt,WA,0.4444444444444444,1.0
10,dok68.txt,WA,0.4,1.0
average precision,0.583968253968254