rank,document,verdict,Precision,Recall
1,dok353.txt,WA,0.0,0.0
2,dok111.txt,WA,0.0,0.0
3,dok40.txt,WA,0.0,0.0
4,dok208.txt,AC,0.25,0.5
5,dok228.txt,WA,0.2,0.5
6,dok217.txt,WA,0.16666666666666666,0.5
7,dok394.txt,AC,0.2857142857142857,1.0
8,dok319.txt,WA,0.25,1.0
9,dok189.txt,WA,0.2222222222222222,1.0
10,dok197.txt,WA,0.2,1.0
average precision,0.15746031746031747