rank,document,verdict,Precision,Recall
1,dok298.txt,AC,1.0,0.14285714285714285
2,dok358.txt,AC,1.0,0.2857142857142857
3,dok314.txt,AC,1.0,0.42857142857142855
4,dok344.txt,AC,1.0,0.5714285714285714
5,dok235.txt,AC,1.0,0.7142857142857143
6,dok379.txt,AC,1.0,0.8571428571428571
7,dok352.txt,WA,0.8571428571428571,0.8571428571428571
8,dok376.txt,AC,0.875,1.0
9,dok149.txt,WA,0.7777777777777778,1.0
10,dok293.txt,WA,0.7,1.0
average precision,0.9209920634920634