rank,document,verdict,Precision,Recall
1,dok204.txt,AC,1.0,0.5
2,dok238.txt,WA,0.5,0.5
3,dok248.txt,WA,0.3333333333333333,0.5
4,dok402.txt,AC,0.5,1.0
5,dok365.txt,WA,0.4,1.0
6,dok252.txt,WA,0.3333333333333333,1.0
7,dok255.txt,WA,0.2857142857142857,1.0
8,dok243.txt,WA,0.25,1.0
9,dok209.txt,WA,0.2222222222222222,1.0
10,dok207.txt,WA,0.2,1.0
average precision,0.40246031746031746