rank,document,verdict,Precision,Recall
1,dok336.txt,AC,1.0,0.2
2,dok149.txt,AC,1.0,0.4
3,dok340.txt,AC,1.0,0.6
4,dok216.txt,AC,1.0,0.8
5,dok347.txt,AC,1.0,1.0
6,dok293.txt,WA,0.8333333333333334,1.0
7,dok338.txt,WA,0.7142857142857143,1.0
8,dok151.txt,WA,0.625,1.0
9,dok310.txt,WA,0.5555555555555556,1.0
10,dok358.txt,WA,0.5,1.0
average precision,0.8228174603174603