rank,document,verdict,Precision,Recall
1,dok270.txt,WA,0.0,0.0
2,dok136.txt,WA,0.0,0.0
3,dok65.txt,WA,0.0,0.0
4,dok188.txt,AC,0.25,0.5
5,dok133.txt,WA,0.2,0.5
6,dok62.txt,WA,0.16666666666666666,0.5
7,dok28.txt,WA,0.14285714285714285,0.5
8,dok99.txt,AC,0.25,1.0
9,dok214.txt,WA,0.2222222222222222,1.0
10,dok271.txt,WA,0.2,1.0
average precision,0.14317460317460318