rank,document,verdict,Precision,Recall
1,dok2.txt,WA,0.0,0.0
2,dok73.txt,WA,0.0,0.0
3,dok394.txt,AC,0.3333333333333333,0.25
4,dok396.txt,WA,0.25,0.25
5,dok343.txt,AC,0.4,0.5
6,dok142.txt,AC,0.5,0.75
7,dok71.txt,AC,0.5714285714285714,1.0
8,dok157.txt,WA,0.5,1.0
9,dok25.txt,WA,0.4444444444444444,1.0
10,dok96.txt,WA,0.4,1.0
average precision,0.3399206349206349