rank,document,verdict,Precision,Recall
1,dok240.txt,WA,0.0,0.0
2,dok142.txt,AC,0.5,0.5
3,dok71.txt,AC,0.6666666666666666,1.0
4,dok343.txt,WA,0.5,1.0
5,dok394.txt,WA,0.4,1.0
6,dok300.txt,WA,0.3333333333333333,1.0
7,dok180.txt,WA,0.2857142857142857,1.0
8,dok376.txt,WA,0.25,1.0
9,dok365.txt,WA,0.2222222222222222,1.0
10,dok258.txt,WA,0.2,1.0
average precision,0.3357936507936508