rank,document,verdict,Precision,Recall
1,dok267.txt,WA,0.0,0.0
2,dok308.txt,WA,0.0,0.0
3,dok264.txt,AC,0.3333333333333333,0.3333333333333333
4,dok166.txt,WA,0.25,0.3333333333333333
5,dok400.txt,AC,0.4,0.6666666666666666
6,dok364.txt,WA,0.3333333333333333,0.6666666666666666
7,dok363.txt,WA,0.2857142857142857,0.6666666666666666
8,dok253.txt,AC,0.375,1.0
9,dok232.txt,WA,0.3333333333333333,1.0
10,dok262.txt,WA,0.3,1.0
average precision,0.26107142857142857