rank,document,verdict,Precision,Recall
1,dok171.txt,AC,1.0,0.2
2,dok346.txt,AC,1.0,0.4
3,dok200.txt,AC,1.0,0.6
4,dok111.txt,AC,1.0,0.8
5,dok40.txt,AC,1.0,1.0
6,dok393.txt,WA,0.8333333333333334,1.0
7,dok5.txt,WA,0.7142857142857143,1.0
8,dok76.txt,WA,0.625,1.0
9,dok330.txt,WA,0.5555555555555556,1.0
10,dok208.txt,WA,0.5,1.0
average precision,0.8228174603174603