rank,document,verdict,Precision,Recall
1,dok364.txt,AC,1.0,0.3333333333333333
2,dok213.txt,AC,1.0,0.6666666666666666
3,dok400.txt,AC,1.0,1.0
4,dok399.txt,WA,0.75,1.0
5,dok369.txt,WA,0.6,1.0
6,dok349.txt,WA,0.5,1.0
7,dok168.txt,WA,0.42857142857142855,1.0
8,dok227.txt,WA,0.375,1.0
9,dok234.txt,WA,0.3333333333333333,1.0
10,dok200.txt,WA,0.3,1.0
average precision,0.6286904761904761