rank,document,verdict,Precision,Recall
1,dok187.txt,WA,0.0,0.0
2,dok360.txt,WA,0.0,0.0
3,dok190.txt,WA,0.0,0.0
4,dok301.txt,WA,0.0,0.0
5,dok18.txt,AC,0.2,0.5
6,dok89.txt,AC,0.3333333333333333,1.0
7,dok233.txt,WA,0.2857142857142857,1.0
8,dok359.txt,WA,0.25,1.0
9,dok172.txt,WA,0.2222222222222222,1.0
10,dok197.txt,WA,0.2,1.0
average precision,0.1491269841269841