rank,document,verdict,Precision,Recall
1,dok298.txt,AC,1.0,0.25
2,dok149.txt,WA,0.5,0.25
3,dok336.txt,WA,0.3333333333333333,0.25
4,dok216.txt,WA,0.25,0.25
5,dok347.txt,WA,0.2,0.25
6,dok358.txt,AC,0.3333333333333333,0.5
7,dok376.txt,AC,0.42857142857142855,0.75
8,dok314.txt,AC,0.5,1.0
9,dok338.txt,WA,0.4444444444444444,1.0
10,dok293.txt,WA,0.4,1.0
average precision,0.438968253968254