rank,document,verdict,Precision,Recall
1,dok213.txt,AC,1.0,0.25
2,dok364.txt,AC,1.0,0.5
3,dok400.txt,AC,1.0,0.75
4,dok399.txt,WA,0.75,0.75
5,dok164.txt,AC,0.8,1.0
6,dok287.txt,WA,0.6666666666666666,1.0
7,dok369.txt,WA,0.5714285714285714,1.0
8,dok349.txt,WA,0.5,1.0
9,dok168.txt,WA,0.4444444444444444,1.0
10,dok227.txt,WA,0.4,1.0
average precision,0.7132539682539683