rank,document,verdict,Precision,Recall
1,dok21.txt,WA,0.0,0.0
2,dok92.txt,WA,0.0,0.0
3,dok290.txt,WA,0.0,0.0
4,dok157.txt,WA,0.0,0.0
5,dok124.txt,AC,0.2,0.5
6,dok53.txt,AC,0.3333333333333333,1.0
7,dok22.txt,WA,0.2857142857142857,1.0
8,dok93.txt,WA,0.25,1.0
9,dok25.txt,WA,0.2222222222222222,1.0
10,dok96.txt,WA,0.2,1.0
11,dok263.txt,WA,0.18181818181818182,1.0
12,dok261.txt,WA,0.16666666666666666,1.0
13,dok328.txt,WA,0.15384615384615385,1.0
14,dok17.txt,WA,0.14285714285714285,1.0
15,dok88.txt,WA,0.13333333333333333,1.0
16,dok302.txt,WA,0.125,1.0
17,dok333.txt,WA,0.11764705882352941,1.0
18,dok265.txt,WA,0.1111111111111111,1.0
19,dok322.txt,WA,0.10526315789473684,1.0
20,dok27.txt,WA,0.1,1.0
21,dok98.txt,WA,0.09523809523809523,1.0
22,dok112.txt,WA,0.09090909090909091,1.0
23,dok41.txt,WA,0.08695652173913043,1.0
24,dok121.txt,WA,0.08333333333333333,1.0
25,dok50.txt,WA,0.08,1.0
26,dok385.txt,WA,0.07692307692307693,1.0
27,dok4.txt,WA,0.07407407407407407,1.0
28,dok75.txt,WA,0.07142857142857142,1.0
29,dok332.txt,WA,0.06896551724137931,1.0
30,dok26.txt,WA,0.06666666666666667,1.0
31,dok97.txt,WA,0.06451612903225806,1.0
32,dok24.txt,WA,0.0625,1.0
33,dok95.txt,WA,0.06060606060606061,1.0
34,dok380.txt,WA,0.058823529411764705,1.0
35,dok390.txt,WA,0.05714285714285714,1.0
36,dok113.txt,WA,0.05555555555555555,1.0
37,dok42.txt,WA,0.05405405405405406,1.0
38,dok351.txt,WA,0.05263157894736842,1.0
39,dok279.txt,WA,0.05128205128205128,1.0
40,dok231.txt,WA,0.05,1.0
41,dok1.txt,WA,0.04878048780487805,1.0
42,dok72.txt,WA,0.047619047619047616,1.0
43,dok20.txt,WA,0.046511627906976744,1.0
44,dok91.txt,WA,0.045454545454545456,1.0
45,dok389.txt,WA,0.044444444444444446,1.0
46,dok331.txt,WA,0.043478260869565216,1.0
47,dok102.txt,WA,0.0425531914893617,1.0
48,dok31.txt,WA,0.041666666666666664,1.0
49,dok268.txt,WA,0.04081632653061224,1.0
50,dok325.txt,WA,0.04,1.0
average precision,0.09263488019984367