rank,document,verdict,Precision,Recall
1,dok283.txt,WA,0.0,0.0
2,dok161.txt,AC,0.5,0.14285714285714285
3,dok368.txt,AC,0.6666666666666666,0.2857142857142857
4,dok398.txt,AC,0.75,0.42857142857142855
5,dok144.txt,AC,0.8,0.5714285714285714
6,dok147.txt,AC,0.8333333333333334,0.7142857142857143
7,dok153.txt,AC,0.8571428571428571,0.8571428571428571
8,dok289.txt,AC,0.875,1.0
9,dok288.txt,WA,0.7777777777777778,1.0
10,dok193.txt,WA,0.7,1.0
average precision,0.6759920634920635