rank,document,verdict,Precision,Recall
1,dok385.txt,WA,0.0,0.0
2,dok390.txt,AC,0.5,0.3333333333333333
3,dok24.txt,WA,0.3333333333333333,0.3333333333333333
4,dok95.txt,WA,0.25,0.3333333333333333
5,dok80.txt,WA,0.2,0.3333333333333333
6,dok9.txt,WA,0.16666666666666666,0.3333333333333333
7,dok102.txt,WA,0.14285714285714285,0.3333333333333333
8,dok31.txt,WA,0.125,0.3333333333333333
9,dok356.txt,AC,0.2222222222222222,0.6666666666666666
10,dok115.txt,AC,0.3,1.0
average precision,0.22400793650793646