rank,document,verdict,Precision,Recall
1,dok385.txt,AC,1.0,0.16666666666666666
2,dok24.txt,AC,1.0,0.3333333333333333
3,dok95.txt,AC,1.0,0.5
4,dok394.txt,AC,1.0,0.6666666666666666
5,dok243.txt,WA,0.8,0.6666666666666666
6,dok19.txt,WA,0.6666666666666666,0.6666666666666666
7,dok90.txt,WA,0.5714285714285714,0.6666666666666666
8,dok157.txt,WA,0.5,0.6666666666666666
9,dok263.txt,AC,0.5555555555555556,0.8333333333333334
10,dok15.txt,AC,0.6,1.0
average precision,0.7693650793650793