rank,document,verdict,Precision,Recall
1,dok142.txt,AC,1.0,0.3333333333333333
2,dok71.txt,AC,1.0,0.6666666666666666
3,dok365.txt,WA,0.6666666666666666,0.6666666666666666
4,dok394.txt,AC,0.75,1.0
5,dok247.txt,WA,0.6,1.0
6,dok240.txt,WA,0.5,1.0
7,dok111.txt,WA,0.42857142857142855,1.0
8,dok40.txt,WA,0.375,1.0
9,dok296.txt,WA,0.3333333333333333,1.0
10,dok269.txt,WA,0.3,1.0
average precision,0.5953571428571428