rank,document,verdict,Precision,Recall
1,dok253.txt,AC,1.0,0.25
2,dok400.txt,AC,1.0,0.5
3,dok351.txt,WA,0.6666666666666666,0.5
4,dok249.txt,WA,0.5,0.5
5,dok231.txt,WA,0.4,0.5
6,dok210.txt,AC,0.5,0.75
7,dok275.txt,WA,0.42857142857142855,0.75
8,dok205.txt,WA,0.375,0.75
9,dok257.txt,AC,0.4444444444444444,1.0
10,dok219.txt,WA,0.4,1.0
average precision,0.5714682539682541