rank,document,verdict,Precision,Recall
1,dok149.txt,WA,0.0,0.0
2,dok379.txt,AC,0.5,0.16666666666666666
3,dok166.txt,WA,0.3333333333333333,0.16666666666666666
4,dok298.txt,AC,0.5,0.3333333333333333
5,dok235.txt,AC,0.6,0.5
6,dok314.txt,AC,0.6666666666666666,0.6666666666666666
7,dok358.txt,AC,0.7142857142857143,0.8333333333333334
8,dok352.txt,WA,0.625,0.8333333333333334
9,dok293.txt,WA,0.5555555555555556,0.8333333333333334
10,dok344.txt,AC,0.6,1.0
average precision,0.5094841269841269