rank,document,verdict,Precision,Recall
1,dok402.txt,WA,0.0,0.0
2,dok394.txt,AC,0.5,0.3333333333333333
3,dok365.txt,WA,0.3333333333333333,0.3333333333333333
4,dok274.txt,WA,0.25,0.3333333333333333
5,dok111.txt,WA,0.2,0.3333333333333333
6,dok40.txt,WA,0.16666666666666666,0.3333333333333333
7,dok140.txt,AC,0.2857142857142857,0.6666666666666666
8,dok69.txt,AC,0.375,1.0
9,dok218.txt,WA,0.3333333333333333,1.0
10,dok208.txt,WA,0.3,1.0
average precision,0.27440476190476193