rank,document,verdict,Precision,Recall
1,dok253.txt,AC,1.0,1.0
2,dok401.txt,WA,0.5,1.0
3,dok249.txt,WA,0.3333333333333333,1.0
4,dok210.txt,WA,0.25,1.0
5,dok399.txt,WA,0.2,1.0
6,dok369.txt,WA,0.16666666666666666,1.0
7,dok377.txt,WA,0.14285714285714285,1.0
8,dok365.txt,WA,0.125,1.0
9,dok232.txt,WA,0.1111111111111111,1.0
10,dok192.txt,WA,0.1,1.0
average precision,0.2928968253968254