rank,document,verdict,Precision,Recall
1,dok186.txt,AC,1.0,0.5
2,dok393.txt,WA,0.5,0.5
3,dok117.txt,AC,0.6666666666666666,1.0
4,dok46.txt,WA,0.5,1.0
5,dok388.txt,WA,0.4,1.0
6,dok268.txt,WA,0.3333333333333333,1.0
7,dok325.txt,WA,0.2857142857142857,1.0
8,dok111.txt,WA,0.25,1.0
9,dok40.txt,WA,0.2222222222222222,1.0
10,dok304.txt,WA,0.2,1.0
average precision,0.43579365079365073