rank,document,verdict,Precision,Recall
1,dok283.txt,WA,0.0,0.0
2,dok161.txt,AC,0.5,0.16666666666666666
3,dok368.txt,AC,0.6666666666666666,0.3333333333333333
4,dok288.txt,WA,0.5,0.3333333333333333
5,dok147.txt,AC,0.6,0.5
6,dok153.txt,AC,0.6666666666666666,0.6666666666666666
7,dok289.txt,AC,0.7142857142857143,0.8333333333333334
8,dok377.txt,WA,0.625,0.8333333333333334
9,dok143.txt,AC,0.6666666666666666,1.0
10,dok399.txt,WA,0.6,1.0
average precision,0.5539285714285713