rank,document,verdict,Precision,Recall
1,dok365.txt,WA,0.0,0.0
2,dok248.txt,WA,0.0,0.0
3,dok110.txt,WA,0.0,0.0
4,dok39.txt,WA,0.0,0.0
5,dok402.txt,AC,0.2,0.5
6,dok247.txt,WA,0.16666666666666666,0.5
7,dok204.txt,AC,0.2857142857142857,1.0
8,dok212.txt,WA,0.25,1.0
9,dok192.txt,WA,0.2222222222222222,1.0
10,dok148.txt,WA,0.2,1.0
average precision,0.13246031746031744