rank,document,verdict,Precision,Recall
1,dok201.txt,AC,1.0,0.2
2,dok248.txt,AC,1.0,0.4
3,dok236.txt,WA,0.6666666666666666,0.4
4,dok255.txt,AC,0.75,0.6
5,dok365.txt,AC,0.8,0.8
6,dok402.txt,AC,0.8333333333333334,1.0
7,dok349.txt,WA,0.7142857142857143,1.0
8,dok212.txt,WA,0.625,1.0
9,dok143.txt,WA,0.5555555555555556,1.0
10,dok170.txt,WA,0.5,1.0
average precision,0.7444841269841269