rank,document,verdict,Precision,Recall
1,dok307.txt,AC,1.0,0.16666666666666666
2,dok367.txt,AC,1.0,0.3333333333333333
3,dok143.txt,AC,1.0,0.5
4,dok158.txt,AC,1.0,0.6666666666666666
5,dok286.txt,AC,1.0,0.8333333333333334
6,dok381.txt,WA,0.8333333333333334,0.8333333333333334
7,dok370.txt,WA,0.7142857142857143,0.8333333333333334
8,dok161.txt,AC,0.75,1.0
9,dok164.txt,WA,0.6666666666666666,1.0
10,dok287.txt,WA,0.6,1.0
average precision,0.8564285714285715